-- MySQL dump 10.13  Distrib 8.0.45, for macos15 (arm64)
--
-- Host: 127.0.0.1    Database: anywear_db
-- ------------------------------------------------------
-- Server version	9.6.0

/*!40101 SET @OLD_CHARACTER_SET_CLIENT=@@CHARACTER_SET_CLIENT */;
/*!40101 SET @OLD_CHARACTER_SET_RESULTS=@@CHARACTER_SET_RESULTS */;
/*!40101 SET @OLD_COLLATION_CONNECTION=@@COLLATION_CONNECTION */;
/*!50503 SET NAMES utf8 */;
/*!40103 SET @OLD_TIME_ZONE=@@TIME_ZONE */;
/*!40103 SET TIME_ZONE='+00:00' */;
/*!40014 SET @OLD_UNIQUE_CHECKS=@@UNIQUE_CHECKS, UNIQUE_CHECKS=0 */;
/*!40014 SET @OLD_FOREIGN_KEY_CHECKS=@@FOREIGN_KEY_CHECKS, FOREIGN_KEY_CHECKS=0 */;
/*!40101 SET @OLD_SQL_MODE=@@SQL_MODE, SQL_MODE='NO_AUTO_VALUE_ON_ZERO' */;
/*!40111 SET @OLD_SQL_NOTES=@@SQL_NOTES, SQL_NOTES=0 */;
SET @MYSQLDUMP_TEMP_LOG_BIN = @@SESSION.SQL_LOG_BIN;
SET @@SESSION.SQL_LOG_BIN= 0;

--
-- Table structure for table `admins`
--

DROP TABLE IF EXISTS `admins`;
/*!40101 SET @saved_cs_client     = @@character_set_client */;
/*!50503 SET character_set_client = utf8mb4 */;
CREATE TABLE `admins` (
  `id` bigint NOT NULL AUTO_INCREMENT,
  `password` varchar(255) NOT NULL,
  `username` varchar(255) NOT NULL,
  PRIMARY KEY (`id`),
  UNIQUE KEY `UKmi8vkhus4xbdbqcac2jm4spvd` (`username`)
) ENGINE=InnoDB AUTO_INCREMENT=2 DEFAULT CHARSET=utf8mb4 COLLATE=utf8mb4_0900_ai_ci;
/*!40101 SET character_set_client = @saved_cs_client */;

--
-- Dumping data for table `admins`
--

LOCK TABLES `admins` WRITE;
/*!40000 ALTER TABLE `admins` DISABLE KEYS */;
INSERT INTO `admins` VALUES (1,'$2a$10$m1mSRG3NUaFS1w/6AaOIeuGW.AhJLJ8T.dhRj80JXzAHdSGwHDZhW','admin');
/*!40000 ALTER TABLE `admins` ENABLE KEYS */;
UNLOCK TABLES;

--
-- Table structure for table `cart_items`
--

DROP TABLE IF EXISTS `cart_items`;
/*!40101 SET @saved_cs_client     = @@character_set_client */;
/*!50503 SET character_set_client = utf8mb4 */;
CREATE TABLE `cart_items` (
  `id` bigint NOT NULL AUTO_INCREMENT,
  `price` decimal(10,2) NOT NULL,
  `quantity` int NOT NULL,
  `size` varchar(255) NOT NULL,
  `cart_id` bigint NOT NULL,
  `product_id` bigint NOT NULL,
  PRIMARY KEY (`id`),
  KEY `FKpcttvuq4mxppo8sxggjtn5i2c` (`cart_id`),
  KEY `FK1re40cjegsfvw58xrkdp6bac6` (`product_id`),
  CONSTRAINT `FK1re40cjegsfvw58xrkdp6bac6` FOREIGN KEY (`product_id`) REFERENCES `products` (`id`),
  CONSTRAINT `FKpcttvuq4mxppo8sxggjtn5i2c` FOREIGN KEY (`cart_id`) REFERENCES `carts` (`id`)
) ENGINE=InnoDB AUTO_INCREMENT=20 DEFAULT CHARSET=utf8mb4 COLLATE=utf8mb4_0900_ai_ci;
/*!40101 SET character_set_client = @saved_cs_client */;

--
-- Dumping data for table `cart_items`
--

LOCK TABLES `cart_items` WRITE;
/*!40000 ALTER TABLE `cart_items` DISABLE KEYS */;
/*!40000 ALTER TABLE `cart_items` ENABLE KEYS */;
UNLOCK TABLES;

--
-- Table structure for table `carts`
--

DROP TABLE IF EXISTS `carts`;
/*!40101 SET @saved_cs_client     = @@character_set_client */;
/*!50503 SET character_set_client = utf8mb4 */;
CREATE TABLE `carts` (
  `id` bigint NOT NULL AUTO_INCREMENT,
  `created_at` datetime(6) NOT NULL,
  `updated_at` datetime(6) DEFAULT NULL,
  `customer_id` bigint NOT NULL,
  PRIMARY KEY (`id`),
  UNIQUE KEY `UK88sv4i13lo80s74ox7rsb5a2c` (`customer_id`),
  CONSTRAINT `FK8ba3sryid5k8a9kidpkvqipyt` FOREIGN KEY (`customer_id`) REFERENCES `customers` (`id`)
) ENGINE=InnoDB AUTO_INCREMENT=3 DEFAULT CHARSET=utf8mb4 COLLATE=utf8mb4_0900_ai_ci;
/*!40101 SET character_set_client = @saved_cs_client */;

--
-- Dumping data for table `carts`
--

LOCK TABLES `carts` WRITE;
/*!40000 ALTER TABLE `carts` DISABLE KEYS */;
INSERT INTO `carts` VALUES (1,'2026-03-31 03:24:34.936044',NULL,5),(2,'2026-04-02 14:30:12.544543',NULL,6);
/*!40000 ALTER TABLE `carts` ENABLE KEYS */;
UNLOCK TABLES;

--
-- Table structure for table `coupons`
--

DROP TABLE IF EXISTS `coupons`;
/*!40101 SET @saved_cs_client     = @@character_set_client */;
/*!50503 SET character_set_client = utf8mb4 */;
CREATE TABLE `coupons` (
  `id` bigint NOT NULL AUTO_INCREMENT,
  `code` varchar(255) NOT NULL,
  `current_usage_count` int NOT NULL,
  `description` varchar(255) NOT NULL,
  `discount_percentage` decimal(5,2) NOT NULL,
  `max_usages` int NOT NULL,
  `minimum_order_amount` decimal(38,2) NOT NULL,
  `status` varchar(255) NOT NULL,
  `valid_from` datetime(6) NOT NULL,
  `valid_until` datetime(6) NOT NULL,
  `seller_id` bigint DEFAULT NULL,
  PRIMARY KEY (`id`),
  UNIQUE KEY `UKeplt0kkm9yf2of2lnx6c1oy9b` (`code`),
  KEY `FK92ov0dh9pq8l3a07uuv6bwgso` (`seller_id`),
  CONSTRAINT `FK92ov0dh9pq8l3a07uuv6bwgso` FOREIGN KEY (`seller_id`) REFERENCES `sellers` (`id`)
) ENGINE=InnoDB AUTO_INCREMENT=3 DEFAULT CHARSET=utf8mb4 COLLATE=utf8mb4_0900_ai_ci;
/*!40101 SET character_set_client = @saved_cs_client */;

--
-- Dumping data for table `coupons`
--

LOCK TABLES `coupons` WRITE;
/*!40000 ALTER TABLE `coupons` DISABLE KEYS */;
INSERT INTO `coupons` VALUES (2,'SUMMER26',1,'Summer Sale',10.00,100,10000.00,'ACTIVE','2026-03-31 16:59:00.000000','2026-04-24 22:29:00.000000',12);
/*!40000 ALTER TABLE `coupons` ENABLE KEYS */;
UNLOCK TABLES;

--
-- Table structure for table `customer_login`
--

DROP TABLE IF EXISTS `customer_login`;
/*!40101 SET @saved_cs_client     = @@character_set_client */;
/*!50503 SET character_set_client = utf8mb4 */;
CREATE TABLE `customer_login` (
  `id` bigint NOT NULL AUTO_INCREMENT,
  `password` varchar(255) NOT NULL,
  `username` varchar(255) NOT NULL,
  `customer_id` bigint NOT NULL,
  PRIMARY KEY (`id`),
  UNIQUE KEY `UKjn3hdfi31gohrj8agkguauhpa` (`username`),
  UNIQUE KEY `UKfa0k4pwl9cvjdtg0r9x9aqxn7` (`customer_id`),
  CONSTRAINT `FK8j1kmxii92adqhnxep8cfglg3` FOREIGN KEY (`customer_id`) REFERENCES `customers` (`id`)
) ENGINE=InnoDB AUTO_INCREMENT=7 DEFAULT CHARSET=utf8mb4 COLLATE=utf8mb4_0900_ai_ci;
/*!40101 SET character_set_client = @saved_cs_client */;

--
-- Dumping data for table `customer_login`
--

LOCK TABLES `customer_login` WRITE;
/*!40000 ALTER TABLE `customer_login` DISABLE KEYS */;
INSERT INTO `customer_login` VALUES (5,'$2a$10$U//aNHqsFJ8aFvPKf4WDNeTJ1YDoUfb7ZOU9HolPWpOiBfR8gVrVS','user',5),(6,'$2a$10$MkfmmTeVw6BCrSP74fdmVuTnK1TQqn945Hsfrng8ds4SGhAX3k9zW','user2',6);
/*!40000 ALTER TABLE `customer_login` ENABLE KEYS */;
UNLOCK TABLES;

--
-- Table structure for table `customers`
--

DROP TABLE IF EXISTS `customers`;
/*!40101 SET @saved_cs_client     = @@character_set_client */;
/*!50503 SET character_set_client = utf8mb4 */;
CREATE TABLE `customers` (
  `id` bigint NOT NULL AUTO_INCREMENT,
  `address` varchar(255) DEFAULT NULL,
  `created_at` datetime(6) NOT NULL,
  `email` varchar(255) NOT NULL,
  `first_name` varchar(255) NOT NULL,
  `last_name` varchar(255) NOT NULL,
  `password` varchar(255) NOT NULL,
  `phone_number` varchar(255) DEFAULT NULL,
  `role` varchar(255) NOT NULL,
  `status` varchar(255) NOT NULL,
  `updated_at` datetime(6) DEFAULT NULL,
  `username` varchar(255) NOT NULL,
  PRIMARY KEY (`id`),
  UNIQUE KEY `UKrfbvkrffamfql7cjmen8v976v` (`email`),
  UNIQUE KEY `UKbepynu3b6l8k2ppuq6b33xfxc` (`username`)
) ENGINE=InnoDB AUTO_INCREMENT=7 DEFAULT CHARSET=utf8mb4 COLLATE=utf8mb4_0900_ai_ci;
/*!40101 SET character_set_client = @saved_cs_client */;

--
-- Dumping data for table `customers`
--

LOCK TABLES `customers` WRITE;
/*!40000 ALTER TABLE `customers` DISABLE KEYS */;
INSERT INTO `customers` VALUES (5,'426/1c, Dutugamunu road, Thalangama north, Battaramulla,colombo,10120','2026-03-25 20:15:50.226289','user@anywear.com','Inesh','Sandiv','$2a$10$HZ9S6WZT8ecbVXbhT2JIDePRaUIl64H5r7FkixxN.RzNKda9L17p2','0770171506','CUSTOMER','ACTIVE',NULL,'user'),(6,'426/1c, Dutugamunu road, Thalangama north, Battaramulla,colombo,10120','2026-04-02 14:29:55.906175','user2@mail.com','Sajan','Gune','$2a$10$XrSCCvgApH6BP6CJbUVkRO28.wR9QEmr/Y5Y/wRx.B/XgNLLUjLmK','0770171506','CUSTOMER','ACTIVE',NULL,'user2');
/*!40000 ALTER TABLE `customers` ENABLE KEYS */;
UNLOCK TABLES;

--
-- Table structure for table `order_items`
--

DROP TABLE IF EXISTS `order_items`;
/*!40101 SET @saved_cs_client     = @@character_set_client */;
/*!50503 SET character_set_client = utf8mb4 */;
CREATE TABLE `order_items` (
  `id` bigint NOT NULL AUTO_INCREMENT,
  `price` decimal(10,2) NOT NULL,
  `quantity` int NOT NULL,
  `size` varchar(255) NOT NULL,
  `subtotal` decimal(10,2) NOT NULL,
  `order_id` bigint NOT NULL,
  `product_id` bigint NOT NULL,
  PRIMARY KEY (`id`),
  KEY `FKbioxgbv59vetrxe0ejfubep1w` (`order_id`),
  KEY `FKocimc7dtr037rh4ls4l95nlfi` (`product_id`),
  CONSTRAINT `FKbioxgbv59vetrxe0ejfubep1w` FOREIGN KEY (`order_id`) REFERENCES `orders` (`id`),
  CONSTRAINT `FKocimc7dtr037rh4ls4l95nlfi` FOREIGN KEY (`product_id`) REFERENCES `products` (`id`)
) ENGINE=InnoDB AUTO_INCREMENT=14 DEFAULT CHARSET=utf8mb4 COLLATE=utf8mb4_0900_ai_ci;
/*!40101 SET character_set_client = @saved_cs_client */;

--
-- Dumping data for table `order_items`
--

LOCK TABLES `order_items` WRITE;
/*!40000 ALTER TABLE `order_items` DISABLE KEYS */;
INSERT INTO `order_items` VALUES (1,5999.00,1,'M',5999.00,1,57),(2,3199.00,1,'M',3199.00,1,58),(3,5999.00,1,'L',5999.00,1,89),(4,6999.00,2,'M',13998.00,2,52),(5,4999.00,2,'M',9998.00,2,78),(6,3199.00,1,'M',3199.00,3,58),(7,3250.00,2,'S',6500.00,4,93),(8,3250.00,2,'S',6500.00,5,93),(9,3999.00,1,'M',3999.00,5,19),(10,2999.00,1,'S',2999.00,5,60),(11,3499.00,1,'M',3499.00,5,54),(12,2999.00,1,'L',2999.00,5,73),(13,3250.00,1,'M',3250.00,6,93);
/*!40000 ALTER TABLE `order_items` ENABLE KEYS */;
UNLOCK TABLES;

--
-- Table structure for table `orders`
--

DROP TABLE IF EXISTS `orders`;
/*!40101 SET @saved_cs_client     = @@character_set_client */;
/*!50503 SET character_set_client = utf8mb4 */;
CREATE TABLE `orders` (
  `id` bigint NOT NULL AUTO_INCREMENT,
  `card_last_four` text,
  `card_type` text,
  `created_at` datetime(6) NOT NULL,
  `discount_amount` decimal(10,2) DEFAULT NULL,
  `final_amount` decimal(10,2) DEFAULT NULL,
  `order_status` varchar(255) NOT NULL,
  `payment_method` varchar(255) NOT NULL,
  `payment_status` varchar(255) NOT NULL,
  `shipping_address` text,
  `total_amount` decimal(10,2) NOT NULL,
  `transaction_id` varchar(255) NOT NULL,
  `updated_at` datetime(6) DEFAULT NULL,
  `coupon_id` bigint DEFAULT NULL,
  `customer_id` bigint NOT NULL,
  PRIMARY KEY (`id`),
  UNIQUE KEY `UKxwcsepu5t1hoe04v5i8xhk5y` (`transaction_id`),
  KEY `FKn1d1gkxckw648m2n2d5gx0yx5` (`coupon_id`),
  KEY `FKpxtb8awmi0dk6smoh2vp1litg` (`customer_id`),
  CONSTRAINT `FKn1d1gkxckw648m2n2d5gx0yx5` FOREIGN KEY (`coupon_id`) REFERENCES `coupons` (`id`),
  CONSTRAINT `FKpxtb8awmi0dk6smoh2vp1litg` FOREIGN KEY (`customer_id`) REFERENCES `customers` (`id`)
) ENGINE=InnoDB AUTO_INCREMENT=7 DEFAULT CHARSET=utf8mb4 COLLATE=utf8mb4_0900_ai_ci;
/*!40101 SET character_set_client = @saved_cs_client */;

--
-- Dumping data for table `orders`
--

LOCK TABLES `orders` WRITE;
/*!40000 ALTER TABLE `orders` DISABLE KEYS */;
INSERT INTO `orders` VALUES (1,'7654','VISA','2026-03-31 06:40:37.759776',0.00,15197.00,'PROCESSING','CARD','COMPLETED','4261c, Dutugamunu road,\nThalangama north, Battaramulla',15197.00,'TXN-24428887',NULL,NULL,5),(2,'8682','VISA','2026-03-31 09:22:45.526924',0.00,23996.00,'PROCESSING','CARD','COMPLETED','426/1c, Dutugamunu road, Thalangama north, Battaramulla,colombo,10120',23996.00,'TXN-8747D2E9',NULL,NULL,5),(3,'7654','VISA','2026-03-31 10:59:58.623247',0.00,3199.00,'PROCESSING','CARD','COMPLETED','426/1c, Dutugamunu road, Thalangama north, Battaramulla,colombo,10120',3199.00,'TXN-942A584C',NULL,NULL,5),(4,'7654','VISA','2026-03-31 19:21:24.922512',0.00,6500.00,'PROCESSING','CARD','COMPLETED','426/1c, Dutugamunu road, Thalangama north, Battaramulla,colombo,10120',6500.00,'TXN-8E2ED464',NULL,NULL,5),(5,'7664','VISA','2026-03-31 22:31:13.081132',1999.60,17996.40,'PROCESSING','CARD','COMPLETED','426/1c, Dutugamunu road, Thalangama north, Battaramulla,colombo,10120',19996.00,'TXN-F95CD89A',NULL,2,5),(6,'7654','VISA','2026-04-02 14:30:41.929163',0.00,3250.00,'PROCESSING','CARD','COMPLETED','426/1c, Dutugamunu road, Thalangama north, Battaramulla,colombo,10120',3250.00,'TXN-820F4C73',NULL,NULL,6);
/*!40000 ALTER TABLE `orders` ENABLE KEYS */;
UNLOCK TABLES;

--
-- Table structure for table `product_colors`
--

DROP TABLE IF EXISTS `product_colors`;
/*!40101 SET @saved_cs_client     = @@character_set_client */;
/*!50503 SET character_set_client = utf8mb4 */;
CREATE TABLE `product_colors` (
  `product_id` bigint NOT NULL,
  `color` varchar(255) DEFAULT NULL,
  KEY `FKqhu7cqni31911lmvx4fqmiw65` (`product_id`),
  CONSTRAINT `FKqhu7cqni31911lmvx4fqmiw65` FOREIGN KEY (`product_id`) REFERENCES `products` (`id`)
) ENGINE=InnoDB DEFAULT CHARSET=utf8mb4 COLLATE=utf8mb4_0900_ai_ci;
/*!40101 SET character_set_client = @saved_cs_client */;

--
-- Dumping data for table `product_colors`
--

LOCK TABLES `product_colors` WRITE;
/*!40000 ALTER TABLE `product_colors` DISABLE KEYS */;
INSERT INTO `product_colors` VALUES (9,'black'),(9,'white'),(11,'blue'),(11,'pink'),(12,'Red'),(12,'Pink'),(13,'Black'),(13,'Peach'),(14,'Black'),(15,'White'),(15,'Brown'),(16,'White'),(17,'White'),(18,'Black'),(18,'White'),(19,'Green'),(21,'White'),(21,'Black'),(22,'Black-White'),(23,'Pink'),(24,'Black'),(25,'Blue'),(25,'White'),(26,'Brown'),(27,'Black'),(28,'Black'),(29,'Black'),(30,'Black'),(31,'White'),(32,'White'),(33,'Black'),(34,'Grey'),(8,'white'),(8,'blue'),(8,'grey'),(35,'White'),(37,'Black'),(38,'Brown'),(39,'Green'),(40,'Blue'),(41,'Green'),(36,'purple'),(44,'Grey'),(44,'Red'),(46,'Brown'),(46,'Black'),(47,'Grey'),(49,'Brown'),(50,'Maroon'),(52,'Black'),(53,'Cyan'),(53,'Pink'),(55,'Brown-White'),(57,'Black'),(58,'Blue'),(59,'Black'),(60,'Blue'),(60,'White'),(20,'Grey'),(20,'Green'),(20,'Light-Green'),(20,'Brown'),(56,'Brown'),(54,'Maroon'),(61,'Blue'),(63,'Grey'),(64,'Blue'),(65,'Blue'),(66,'Brown'),(67,'Black'),(68,'Blue'),(69,'White'),(70,'Black'),(72,'Grey'),(73,'Grey'),(74,'Brown'),(75,'Black'),(76,'Pink'),(77,'White'),(78,'White'),(79,'blue'),(79,'black'),(80,'Black'),(81,'Black'),(88,'Blue'),(89,'White'),(90,'White'),(91,'Brown'),(92,'Black'),(93,'White'),(94,'Black'),(95,'Purple'),(96,'Red'),(97,'PInk'),(97,'Black'),(98,'Grey'),(99,'Blue'),(100,'Yellow'),(101,'White'),(102,'Green'),(102,'White'),(103,'PInk'),(104,'Black'),(104,'Maroon'),(106,'White'),(107,'Green'),(108,'Green'),(109,'White'),(110,'White-Rose'),(111,'White'),(112,'Brown'),(113,'Blue'),(114,'PInk'),(115,'Brown'),(116,'Blue'),(116,'Pink'),(117,'Red'),(118,'Blue'),(119,'White'),(120,'Brown'),(121,'Brown'),(121,'White'),(122,'Brown'),(123,'PInk');
/*!40000 ALTER TABLE `product_colors` ENABLE KEYS */;
UNLOCK TABLES;

--
-- Table structure for table `product_images`
--

DROP TABLE IF EXISTS `product_images`;
/*!40101 SET @saved_cs_client     = @@character_set_client */;
/*!50503 SET character_set_client = utf8mb4 */;
CREATE TABLE `product_images` (
  `id` bigint NOT NULL AUTO_INCREMENT,
  `created_at` timestamp NOT NULL DEFAULT CURRENT_TIMESTAMP,
  `image_order` int NOT NULL,
  `image_path` varchar(255) NOT NULL,
  `product_id` bigint NOT NULL,
  PRIMARY KEY (`id`),
  KEY `FKqnq71xsohugpqwf3c9gxmsuy` (`product_id`),
  CONSTRAINT `FKqnq71xsohugpqwf3c9gxmsuy` FOREIGN KEY (`product_id`) REFERENCES `products` (`id`)
) ENGINE=InnoDB AUTO_INCREMENT=439 DEFAULT CHARSET=utf8mb4 COLLATE=utf8mb4_0900_ai_ci;
/*!40101 SET character_set_client = @saved_cs_client */;

--
-- Dumping data for table `product_images`
--

LOCK TABLES `product_images` WRITE;
/*!40000 ALTER TABLE `product_images` DISABLE KEYS */;
INSERT INTO `product_images` VALUES (15,'2026-03-27 14:31:10',0,'/assets/images/products/female/formal_collection/alterre/executive_flow_ww_pant/c5ecb340a6a34639b95ba7bb50dd000e.webp',8),(16,'2026-03-27 14:31:10',1,'/assets/images/products/female/formal_collection/alterre/executive_flow_ww_pant/8b6da23bcc9e4157848cdf3bc86f8818.webp',8),(17,'2026-03-27 14:31:10',2,'/assets/images/products/female/formal_collection/alterre/executive_flow_ww_pant/78f7a963eb67490984dccdb98225bf19.webp',8),(18,'2026-03-27 14:31:53',0,'/assets/images/products/female/formal_collection/alterre/quiet_protocol_ww_dress/42a7b0298d1f48a78979ad4783fffb7c.webp',9),(19,'2026-03-27 14:31:53',1,'/assets/images/products/female/formal_collection/alterre/quiet_protocol_ww_dress/ea430674726d4af9bfe19417b898cb0d.webp',9),(20,'2026-03-27 14:31:53',2,'/assets/images/products/female/formal_collection/alterre/quiet_protocol_ww_dress/ea8b8627f98b4a0bbc06665eada652ff.webp',9),(25,'2026-03-27 14:33:26',0,'/assets/images/products/female/formal_collection/alterre/the_daily_uniform_ww_top/c44c66148ade4ad097a9264e1d7529b0.webp',11),(26,'2026-03-27 14:33:26',1,'/assets/images/products/female/formal_collection/alterre/the_daily_uniform_ww_top/24d394f4d14946dda490a67dd4b9c1c0.webp',11),(27,'2026-03-27 14:33:26',2,'/assets/images/products/female/formal_collection/alterre/the_daily_uniform_ww_top/b6b3e359d3a3455291865e588f556095.webp',11),(28,'2026-03-27 14:33:26',3,'/assets/images/products/female/formal_collection/alterre/the_daily_uniform_ww_top/33e9c6e979d94a979bbfbdaee5365a1d.webp',11),(29,'2026-03-27 14:34:26',0,'/assets/images/products/female/formal_collection/alterre/the_daily_standard_ww_dress/9fda5f5128f84987a433beda7be3b992.webp',12),(30,'2026-03-27 14:34:26',1,'/assets/images/products/female/formal_collection/alterre/the_daily_standard_ww_dress/5f7bc78869024a2392d3fc7ca299d97a.webp',12),(31,'2026-03-27 14:34:26',2,'/assets/images/products/female/formal_collection/alterre/the_daily_standard_ww_dress/b99ab7d24b62438e871b4f3a56ecced5.webp',12),(32,'2026-03-27 14:34:26',3,'/assets/images/products/female/formal_collection/alterre/the_daily_standard_ww_dress/c2d173972e22453b845fc45e0e836d6a.webp',12),(33,'2026-03-27 14:35:24',0,'/assets/images/products/female/formal_collection/alterre/the_luna_embroidered_ww_top/c018576ba9a24435aa31b4ec5470f90b.webp',13),(34,'2026-03-27 14:35:24',1,'/assets/images/products/female/formal_collection/alterre/the_luna_embroidered_ww_top/d98a8cad4d1342a7bb38a85350011726.webp',13),(35,'2026-03-27 14:35:24',2,'/assets/images/products/female/formal_collection/alterre/the_luna_embroidered_ww_top/1dfef214318f4ebca0e63aab2546a79c.webp',13),(36,'2026-03-27 14:37:42',0,'/assets/images/products/female/outerwear_jackets/alterre/boardroom_to_boarding_ww_jacket/8a9da678f9334ccb93e2b09fe5429a55.webp',14),(37,'2026-03-27 14:37:42',1,'/assets/images/products/female/outerwear_jackets/alterre/boardroom_to_boarding_ww_jacket/26b4758a3a8f41af9eeb6ee46dfefba2.webp',14),(38,'2026-03-27 14:37:42',2,'/assets/images/products/female/outerwear_jackets/alterre/boardroom_to_boarding_ww_jacket/8b2aaab13eb6400a92269ea59825720f.webp',14),(39,'2026-03-27 14:38:30',0,'/assets/images/products/female/outerwear_jackets/alterre/pearl_dawn_ww_jacket/371a966b7c9a49e4848fd6de967849d6.jpg',15),(40,'2026-03-27 14:38:30',1,'/assets/images/products/female/outerwear_jackets/alterre/pearl_dawn_ww_jacket/edbd8d36decb45f894948555c0a4add5.jpg',15),(41,'2026-03-27 14:38:30',2,'/assets/images/products/female/outerwear_jackets/alterre/pearl_dawn_ww_jacket/1c21eadf58484735be6b07f169eaf98a.jpg',15),(42,'2026-03-27 14:38:30',3,'/assets/images/products/female/outerwear_jackets/alterre/pearl_dawn_ww_jacket/d0054559154949af996f8eea203122fb.jpg',15),(43,'2026-03-27 14:39:15',0,'/assets/images/products/female/outerwear_jackets/alterre/shirt_jacket_in_white_double_face_cashmere/64810ffe17574b3cb7f38493f16a6fba.webp',16),(44,'2026-03-27 14:39:15',1,'/assets/images/products/female/outerwear_jackets/alterre/shirt_jacket_in_white_double_face_cashmere/dcd277fa69884d60a395d5e378b2caac.webp',16),(45,'2026-03-27 14:39:15',2,'/assets/images/products/female/outerwear_jackets/alterre/shirt_jacket_in_white_double_face_cashmere/4c0a0130273e4e6aa6a8f4dfd4a63c49.webp',16),(46,'2026-03-27 14:39:55',0,'/assets/images/products/female/outerwear_jackets/alterre/summer_cashmere_40_jacket/6ea0a9c09da44b6ba63d52d180b560d2.webp',17),(47,'2026-03-27 14:39:55',1,'/assets/images/products/female/outerwear_jackets/alterre/summer_cashmere_40_jacket/ce6dc9a13e224b06a463a6cab23d6860.webp',17),(48,'2026-03-27 14:39:55',2,'/assets/images/products/female/outerwear_jackets/alterre/summer_cashmere_40_jacket/c59aea5720324b9e850233d57e1bc969.webp',17),(49,'2026-03-27 14:40:51',0,'/assets/images/products/female/outerwear_jackets/alterre/the_pocketcraft_jacket/e854648355784a46b19f6ccbe8688c0c.webp',18),(50,'2026-03-27 14:40:51',1,'/assets/images/products/female/outerwear_jackets/alterre/the_pocketcraft_jacket/a68019040d264d30862277fc44428f35.webp',18),(51,'2026-03-27 14:40:51',2,'/assets/images/products/female/outerwear_jackets/alterre/the_pocketcraft_jacket/25f0dd48a967473882f4d2b140a4606b.webp',18),(52,'2026-03-27 14:44:04',0,'/assets/images/products/female/casual_wear/velora/basic_form_tee/00abe02c75e042658719c1ffa32111e6.webp',19),(53,'2026-03-27 14:44:04',1,'/assets/images/products/female/casual_wear/velora/basic_form_tee/0dd5b7ad2288458bb496976030914368.webp',19),(54,'2026-03-27 14:45:02',0,'/assets/images/products/female/casual_wear/velora/classic_oversized_tee/80714b8a70864b598732ebdfa50be900.webp',20),(55,'2026-03-27 14:45:02',1,'/assets/images/products/female/casual_wear/velora/classic_oversized_tee/2f97dd3dabae4f4b9f8fdea2ea660207.webp',20),(56,'2026-03-27 14:45:02',2,'/assets/images/products/female/casual_wear/velora/classic_oversized_tee/034f05a748c04542baa03033a1246bf6.webp',20),(57,'2026-03-27 14:45:02',3,'/assets/images/products/female/casual_wear/velora/classic_oversized_tee/06851194a0424b0b830edeae52de0e68.webp',20),(58,'2026-03-27 14:45:44',0,'/assets/images/products/female/casual_wear/velora/flame_muse_crop_top/38d7334fdc404feea943e6de7d7fa2d1.webp',21),(59,'2026-03-27 14:45:44',1,'/assets/images/products/female/casual_wear/velora/flame_muse_crop_top/3bf2cbc249074362af5d8b9aad44dc8a.webp',21),(60,'2026-03-27 14:45:44',2,'/assets/images/products/female/casual_wear/velora/flame_muse_crop_top/ad07d0a94ef14285a02a13a3b9cbd2cc.webp',21),(61,'2026-03-27 14:46:17',0,'/assets/images/products/female/casual_wear/velora/linear_rib_long_sleeve/05c0f751d4cb4446be33918b5e2e856e.webp',22),(62,'2026-03-27 14:46:17',1,'/assets/images/products/female/casual_wear/velora/linear_rib_long_sleeve/a24cb257ee6d4906bdae53dc93def47c.webp',22),(63,'2026-03-27 14:46:17',2,'/assets/images/products/female/casual_wear/velora/linear_rib_long_sleeve/7aacddca7d484bc1bd8da94d9046c2b8.webp',22),(64,'2026-03-27 14:46:43',0,'/assets/images/products/female/casual_wear/velora/rib_crop_top/3e46c637a01143acb8b582c3cc5e6f61.webp',23),(65,'2026-03-27 14:46:43',1,'/assets/images/products/female/casual_wear/velora/rib_crop_top/a29e733012ba4a4db017705713aeaad0.webp',23),(66,'2026-03-27 14:47:28',0,'/assets/images/products/female/sports_active/velora/aria_crossback_romper/2d84838bf3b14d39a47f20b073dbfef7.webp',24),(67,'2026-03-27 14:47:28',1,'/assets/images/products/female/sports_active/velora/aria_crossback_romper/67ec7ba4c23c407e9cbd67e15c22bc1b.webp',24),(68,'2026-03-27 14:47:28',2,'/assets/images/products/female/sports_active/velora/aria_crossback_romper/042cf982d1ac4f53b9d63d8ab9e7b97f.webp',24),(69,'2026-03-27 14:47:28',3,'/assets/images/products/female/sports_active/velora/aria_crossback_romper/8d00362beeee4060977774bd6885c871.webp',24),(70,'2026-03-27 14:48:04',0,'/assets/images/products/female/sports_active/velora/nova_performance_tank/d5693c26a5c949e490a656c2704eac84.webp',25),(71,'2026-03-27 14:48:04',1,'/assets/images/products/female/sports_active/velora/nova_performance_tank/911c8e523d444d04b513f275d3a39d4d.webp',25),(72,'2026-03-27 14:48:04',2,'/assets/images/products/female/sports_active/velora/nova_performance_tank/e9777322f6ad44369ba4408ea84ba2b4.webp',25),(73,'2026-03-27 14:48:39',0,'/assets/images/products/female/sports_active/velora/outer_performance_tank/e0e8f9be285e420494d9647c5dbf2b35.webp',26),(74,'2026-03-27 14:48:39',1,'/assets/images/products/female/sports_active/velora/outer_performance_tank/47a4e62f17554147bfc54f702a83bae8.webp',26),(75,'2026-03-27 14:48:39',2,'/assets/images/products/female/sports_active/velora/outer_performance_tank/70ea4795b51b4e669ffdc127730a7b7c.webp',26),(76,'2026-03-27 14:49:21',0,'/assets/images/products/female/sports_active/velora/phantm_compression_crop_top/689df6bdef684e858561c2a7e8b7a761.webp',27),(77,'2026-03-27 14:49:21',1,'/assets/images/products/female/sports_active/velora/phantm_compression_crop_top/10719b6a98be4c9b9df65b8f81fdccc2.webp',27),(78,'2026-03-27 14:49:21',2,'/assets/images/products/female/sports_active/velora/phantm_compression_crop_top/163b6cca67db414aaaf0db1be7d74d7b.webp',27),(79,'2026-03-27 14:49:21',3,'/assets/images/products/female/sports_active/velora/phantm_compression_crop_top/5e657308373b483eac9fc9af94cef047.webp',27),(80,'2026-03-27 14:49:53',0,'/assets/images/products/female/sports_active/velora/velocity_crop/d0e5ee266cf143dca0f75324b9883544.webp',28),(81,'2026-03-27 14:49:53',1,'/assets/images/products/female/sports_active/velora/velocity_crop/5989b96e5f244b12ae494622ed99b6fb.webp',28),(82,'2026-03-27 14:49:53',2,'/assets/images/products/female/sports_active/velora/velocity_crop/dc4e528a7af341e3a35e4747be1a2547.webp',28),(83,'2026-03-27 14:57:06',0,'/assets/images/products/female/party_evening_wear/soiren/allure_bodycon_dress/901324b49c314ae4a01e50c775308840.webp',29),(84,'2026-03-27 14:57:06',1,'/assets/images/products/female/party_evening_wear/soiren/allure_bodycon_dress/e2cffac8fc8a4256a70c6fac75827b2c.webp',29),(85,'2026-03-27 14:57:06',2,'/assets/images/products/female/party_evening_wear/soiren/allure_bodycon_dress/81705e13dea04355b2adc44c96b3d735.webp',29),(86,'2026-03-27 14:57:06',3,'/assets/images/products/female/party_evening_wear/soiren/allure_bodycon_dress/f86fc5544a26458db6ca107aa9f3227c.webp',29),(87,'2026-03-27 14:57:44',0,'/assets/images/products/female/party_evening_wear/soiren/deep_round_neck_ballerina_style_dress/0e1cb2e08dbf4cdf8a1d2a9cb095495b.webp',30),(88,'2026-03-27 14:57:44',1,'/assets/images/products/female/party_evening_wear/soiren/deep_round_neck_ballerina_style_dress/4777d56a46cd4320994f329e0c32b3f4.webp',30),(89,'2026-03-27 14:57:44',2,'/assets/images/products/female/party_evening_wear/soiren/deep_round_neck_ballerina_style_dress/f10c944fe0cf4a7dba644ba1c9a692fc.webp',30),(90,'2026-03-27 14:57:44',3,'/assets/images/products/female/party_evening_wear/soiren/deep_round_neck_ballerina_style_dress/d325c77caefe4cd6986983b5daac8282.webp',30),(91,'2026-03-27 14:58:29',0,'/assets/images/products/female/party_evening_wear/soiren/linen_flared_strap_dress/909397dacfc14a3cbee7a9fb869d69a8.webp',31),(92,'2026-03-27 14:58:29',1,'/assets/images/products/female/party_evening_wear/soiren/linen_flared_strap_dress/bf7f5473a25e4c1eba619b4c7b117eab.webp',31),(93,'2026-03-27 14:58:29',2,'/assets/images/products/female/party_evening_wear/soiren/linen_flared_strap_dress/c178631107f54f8caed5e897b98ee1c1.webp',31),(94,'2026-03-27 14:58:29',3,'/assets/images/products/female/party_evening_wear/soiren/linen_flared_strap_dress/6314d781de1049bfa524f17d78638439.webp',31),(95,'2026-03-27 14:59:22',0,'/assets/images/products/female/party_evening_wear/soiren/side_detailed_dress/e8df5b54bb184c2f994bbb63617be0ee.webp',32),(96,'2026-03-27 14:59:22',1,'/assets/images/products/female/party_evening_wear/soiren/side_detailed_dress/fe7e6658b58544ebba8d4a4de3d86849.webp',32),(97,'2026-03-27 14:59:22',2,'/assets/images/products/female/party_evening_wear/soiren/side_detailed_dress/b276a46539534e76ae4ff7a1fae40db8.webp',32),(98,'2026-03-27 14:59:54',0,'/assets/images/products/female/party_evening_wear/soiren/sleeveless_bodycon_dress/52ca1d8c3d37479da56a8825b01c6353.webp',33),(99,'2026-03-27 14:59:54',1,'/assets/images/products/female/party_evening_wear/soiren/sleeveless_bodycon_dress/33f6e42d7eb848dca48bbecbec588f88.webp',33),(100,'2026-03-27 14:59:54',2,'/assets/images/products/female/party_evening_wear/soiren/sleeveless_bodycon_dress/445c6068d38240ddbcbc2faa682ebcff.webp',33),(101,'2026-03-27 15:00:23',0,'/assets/images/products/female/party_evening_wear/soiren/sleeveless_scuba_bodycon_midi_dress/6b2d7468e202429eb12b298e62415e7b.webp',34),(102,'2026-03-27 15:00:23',1,'/assets/images/products/female/party_evening_wear/soiren/sleeveless_scuba_bodycon_midi_dress/51c68042e89e42c5a10065262265dab9.webp',34),(103,'2026-03-27 15:00:23',2,'/assets/images/products/female/party_evening_wear/soiren/sleeveless_scuba_bodycon_midi_dress/36587b3321014eab82cfb7e09535ad72.webp',34),(104,'2026-03-28 08:10:45',0,'/assets/images/products/female/casual_wear/velora/floral_printed_tshirt/8b040a7c43454132b45d0baf2265e357.webp',35),(105,'2026-03-28 08:10:45',1,'/assets/images/products/female/casual_wear/velora/floral_printed_tshirt/033edc37e1d34c8d991e63b42c014192.webp',35),(106,'2026-03-28 08:10:45',2,'/assets/images/products/female/casual_wear/velora/floral_printed_tshirt/a46c34fe1b084e4db75a64c6ecd2b8a7.webp',35),(107,'2026-03-28 08:10:45',3,'/assets/images/products/female/casual_wear/velora/floral_printed_tshirt/ce161d8bd80a468e974ceef164b1841f.webp',35),(108,'2026-03-28 08:16:23',0,'/assets/images/products/female/casual_wear/velora/just_ribb_it_ribbed_top/533228751df84e6db1809ac9c86d5736.webp',36),(109,'2026-03-28 08:16:23',1,'/assets/images/products/female/casual_wear/velora/just_ribb_it_ribbed_top/ecb4adf1eea94f96b5402b698e10f8f9.webp',36),(110,'2026-03-28 08:16:23',2,'/assets/images/products/female/casual_wear/velora/just_ribb_it_ribbed_top/0bdb157824b948dc955e2ea73be28c3f.webp',36),(111,'2026-03-28 08:17:43',0,'/assets/images/products/female/casual_wear/velora/long_sleeve_dark_tshirt/14d2ac34afc146b19ecc0212123284a5.webp',37),(112,'2026-03-28 08:17:43',1,'/assets/images/products/female/casual_wear/velora/long_sleeve_dark_tshirt/4f33ed3728104a76af7be78b8751e1df.webp',37),(113,'2026-03-28 08:17:43',2,'/assets/images/products/female/casual_wear/velora/long_sleeve_dark_tshirt/86535dfbc4e64c00bfca156c98787f3f.webp',37),(114,'2026-03-28 08:18:36',0,'/assets/images/products/female/casual_wear/velora/lumi_knitted_top/a346093eb77849ccb0f4354e036629e6.webp',38),(115,'2026-03-28 08:18:36',1,'/assets/images/products/female/casual_wear/velora/lumi_knitted_top/a0b737d7568a4b87870a5b6bdf4e9aa5.webp',38),(116,'2026-03-28 08:18:36',2,'/assets/images/products/female/casual_wear/velora/lumi_knitted_top/50d6a0c06c0943fd9258c5b11c4d61d6.webp',38),(117,'2026-03-28 08:19:22',0,'/assets/images/products/female/casual_wear/velora/oversized_crop_style_khaki_tshirt/42c443528cb346808d025f26dec5e27d.webp',39),(118,'2026-03-28 08:19:22',1,'/assets/images/products/female/casual_wear/velora/oversized_crop_style_khaki_tshirt/a39c86bd66744fd3b45f777d0b31367e.webp',39),(119,'2026-03-28 08:19:22',2,'/assets/images/products/female/casual_wear/velora/oversized_crop_style_khaki_tshirt/217a52f0c8e344b9b70ead7e07ac3079.webp',39),(120,'2026-03-28 08:19:22',3,'/assets/images/products/female/casual_wear/velora/oversized_crop_style_khaki_tshirt/fc8e1e3ecc4e45dfb3924e07f2043ec7.webp',39),(121,'2026-03-28 08:20:03',0,'/assets/images/products/female/casual_wear/velora/oversized_navy_tshirt/e67afe30efd34f609db21d3f0495a73e.webp',40),(122,'2026-03-28 08:20:03',1,'/assets/images/products/female/casual_wear/velora/oversized_navy_tshirt/29f6cbd9eee44fd79288b6ebee81f770.webp',40),(123,'2026-03-28 08:20:03',2,'/assets/images/products/female/casual_wear/velora/oversized_navy_tshirt/b0f410a8802347d5acb8c19b8903fcbe.webp',40),(124,'2026-03-28 08:20:53',0,'/assets/images/products/female/casual_wear/velora/rib_skinny_top/4a9fa9804ac0411badecf4b403af09ac.webp',41),(125,'2026-03-28 08:20:53',1,'/assets/images/products/female/casual_wear/velora/rib_skinny_top/a8ba8358bad64476947ad6af07b26d39.webp',41),(126,'2026-03-28 08:20:53',2,'/assets/images/products/female/casual_wear/velora/rib_skinny_top/2535c4deebe44106aca2301b069164a4.webp',41),(127,'2026-03-28 08:20:53',3,'/assets/images/products/female/casual_wear/velora/rib_skinny_top/8c5d335ce3f844688bf097402b7bfef1.webp',41),(134,'2026-03-28 08:59:34',0,'/assets/images/products/female/sports_active/velora/a1_midi_tank/92d4f17e779540788292ac89ea09d868.webp',44),(135,'2026-03-28 08:59:34',1,'/assets/images/products/female/sports_active/velora/a1_midi_tank/c718cd97212346149ca014f7a460e64c.webp',44),(136,'2026-03-28 08:59:34',2,'/assets/images/products/female/sports_active/velora/a1_midi_tank/01446e8bc87e4dbfb3a38d69a48595f7.webp',44),(137,'2026-03-28 08:59:34',3,'/assets/images/products/female/sports_active/velora/a1_midi_tank/e0645f48259c45b2a1a1684a33b0b8ac.webp',44),(142,'2026-03-28 09:01:03',0,'/assets/images/products/female/sports_active/velora/astroid_pocket_leggings/be9618f1d5b04d069ce533db0c1a9ce1.webp',46),(143,'2026-03-28 09:01:03',1,'/assets/images/products/female/sports_active/velora/astroid_pocket_leggings/cf2d058a5fc84ddd946440e2b2db25fd.webp',46),(144,'2026-03-28 09:01:03',2,'/assets/images/products/female/sports_active/velora/astroid_pocket_leggings/43590427289542819f8c839def697c7b.webp',46),(145,'2026-03-28 09:01:03',3,'/assets/images/products/female/sports_active/velora/astroid_pocket_leggings/ea1b84ec50d94a37abac609a6e0539f9.webp',46),(146,'2026-03-28 09:01:47',0,'/assets/images/products/female/sports_active/velora/core_bodysuit/7b735a5d676644c3bd90106fd258ca58.webp',47),(147,'2026-03-28 09:01:47',1,'/assets/images/products/female/sports_active/velora/core_bodysuit/a1c341cce11f409ab2c984fbc8e56553.webp',47),(148,'2026-03-28 09:01:47',2,'/assets/images/products/female/sports_active/velora/core_bodysuit/5c76bf245d3143d9afb6aa44dc0aeb65.webp',47),(149,'2026-03-28 09:01:47',3,'/assets/images/products/female/sports_active/velora/core_bodysuit/8ed4c3a47cae4bd7b4ea565e04b28faa.webp',47),(154,'2026-03-28 09:03:14',0,'/assets/images/products/female/sports_active/velora/emilia_crop/e75f813dcda84960adf41bff0cbd4c8b.webp',49),(155,'2026-03-28 09:03:14',1,'/assets/images/products/female/sports_active/velora/emilia_crop/d39e4f68648842618beb77f5d1c2d40f.webp',49),(156,'2026-03-28 09:03:14',2,'/assets/images/products/female/sports_active/velora/emilia_crop/a28633ade3f64cae8b76c4bdfa7f3b31.webp',49),(157,'2026-03-28 09:03:14',3,'/assets/images/products/female/sports_active/velora/emilia_crop/6cd710b7408243a8bd4a7a30c473efde.webp',49),(158,'2026-03-28 09:04:05',0,'/assets/images/products/female/sports_active/velora/force_seamless_long_sleeve_crop_top/086784ae240a4e9ca9687cb343ea4b83.webp',50),(159,'2026-03-28 09:04:05',1,'/assets/images/products/female/sports_active/velora/force_seamless_long_sleeve_crop_top/a1bee32b4c18420bb2e2fd6ec2583ad0.webp',50),(160,'2026-03-28 09:04:05',2,'/assets/images/products/female/sports_active/velora/force_seamless_long_sleeve_crop_top/4be616c4107c4507881b9e7bcbaeee60.webp',50),(161,'2026-03-28 09:04:05',3,'/assets/images/products/female/sports_active/velora/force_seamless_long_sleeve_crop_top/0052c1268b84468091fbdd966a055231.jpg',50),(166,'2026-03-28 09:05:54',0,'/assets/images/products/female/sports_active/velora/sculpt_bodysuit/580dba23df394e0894eb9e67033694c1.webp',52),(167,'2026-03-28 09:05:54',1,'/assets/images/products/female/sports_active/velora/sculpt_bodysuit/e2eeec6c317044c18760031446ad3e55.webp',52),(168,'2026-03-28 09:05:54',2,'/assets/images/products/female/sports_active/velora/sculpt_bodysuit/29f8de559e57494fa46b995008edb7e1.webp',52),(169,'2026-03-28 09:05:54',3,'/assets/images/products/female/sports_active/velora/sculpt_bodysuit/3f23ba3ade3a45f7b684e2ec138de7e7.webp',52),(170,'2026-03-28 09:08:05',0,'/assets/images/products/female/sports_active/velora/vivid_tank_top/d63f5e07092442369f542fcb80149f23.webp',53),(171,'2026-03-28 09:08:05',1,'/assets/images/products/female/sports_active/velora/vivid_tank_top/46806a65274d423786e906a492fdd430.webp',53),(172,'2026-03-28 09:08:05',2,'/assets/images/products/female/sports_active/velora/vivid_tank_top/b5587042088746f88e1881a6e501a1fd.webp',53),(173,'2026-03-28 09:08:05',3,'/assets/images/products/female/sports_active/velora/vivid_tank_top/48c38d22264e4b13958405a9c549c2b6.webp',53),(174,'2026-03-28 12:08:33',0,'/assets/images/products/male/casual_wear/velora/contour_trim_polo/b236c7ff8e6d420bb18cf232d64b1747.webp',54),(175,'2026-03-28 12:08:33',1,'/assets/images/products/male/casual_wear/velora/contour_trim_polo/e8da56fabc0940ebb742fdf5c48691b9.webp',54),(176,'2026-03-28 12:08:33',2,'/assets/images/products/male/casual_wear/velora/contour_trim_polo/5dccc5aec0f74e2c9947c1bffff4c04f.webp',54),(177,'2026-03-28 12:09:24',0,'/assets/images/products/male/casual_wear/velora/cortz_textured_knit_polo/040a39fca3d74e898eec5bc0bc44e428.webp',55),(178,'2026-03-28 12:09:24',1,'/assets/images/products/male/casual_wear/velora/cortz_textured_knit_polo/55deecc89caa4ed5b01e379825326596.webp',55),(179,'2026-03-28 12:09:24',2,'/assets/images/products/male/casual_wear/velora/cortz_textured_knit_polo/4ffaeb5705ba4f4aa5afa65bc816544a.webp',55),(180,'2026-03-28 12:09:24',3,'/assets/images/products/male/casual_wear/velora/cortz_textured_knit_polo/155df1e01788442eb8f3436837a3b714.webp',55),(181,'2026-03-28 12:10:04',0,'/assets/images/products/male/casual_wear/velora/gridform_relaxed_textured_tshirt/7717cfbdab8a478c8bda4a8aab98557e.webp',56),(182,'2026-03-28 12:10:04',1,'/assets/images/products/male/casual_wear/velora/gridform_relaxed_textured_tshirt/b55166349cb14bbe86db410931286908.webp',56),(183,'2026-03-28 12:10:04',2,'/assets/images/products/male/casual_wear/velora/gridform_relaxed_textured_tshirt/d8e7ea5c756e4ab89cc7bff74d7c8b7d.webp',56),(184,'2026-03-28 12:10:40',0,'/assets/images/products/male/casual_wear/velora/riviera_waffle_resort_textured_shirt/a864cb68d6144e63b7b73deae13339b7.webp',57),(185,'2026-03-28 12:10:40',1,'/assets/images/products/male/casual_wear/velora/riviera_waffle_resort_textured_shirt/1ef5e3e8e18f46ecabd714f1db1fb4cd.webp',57),(186,'2026-03-28 12:10:40',2,'/assets/images/products/male/casual_wear/velora/riviera_waffle_resort_textured_shirt/655a99a6c272401f9902faf2ed4e9264.webp',57),(187,'2026-03-28 12:11:16',0,'/assets/images/products/male/casual_wear/velora/unchained_tee/21b61860f54841ce9604f8be7228b035.webp',58),(188,'2026-03-28 12:11:16',1,'/assets/images/products/male/casual_wear/velora/unchained_tee/f4bfcc343de14be3b9313cfa8b8a4eaa.webp',58),(189,'2026-03-28 12:11:16',2,'/assets/images/products/male/casual_wear/velora/unchained_tee/f0febd314c8440839bd59b7754df3600.webp',58),(190,'2026-03-28 12:11:16',3,'/assets/images/products/male/casual_wear/velora/unchained_tee/9442a84ed4334dec920100ccabba06c7.webp',58),(191,'2026-03-28 12:12:04',0,'/assets/images/products/male/casual_wear/velora/vertical_flow_rib_textured_tee/3d63a0234036400fbf9b11d4c5a16f87.webp',59),(192,'2026-03-28 12:12:04',1,'/assets/images/products/male/casual_wear/velora/vertical_flow_rib_textured_tee/775cd38ea79a403dbc05d2d4673393df.webp',59),(193,'2026-03-28 12:12:04',2,'/assets/images/products/male/casual_wear/velora/vertical_flow_rib_textured_tee/1524edf4a2aa42958f6bddd6305daccf.webp',59),(194,'2026-03-28 12:12:57',0,'/assets/images/products/male/casual_wear/velora/silent_dominion_tee/34ccf3f608ca4e7babf9d8ebfe93df0d.webp',60),(195,'2026-03-28 12:12:57',1,'/assets/images/products/male/casual_wear/velora/silent_dominion_tee/b0ae1c97ed9a4281b3c59cd0bc3fb67c.webp',60),(196,'2026-03-28 12:12:57',2,'/assets/images/products/male/casual_wear/velora/silent_dominion_tee/f21d6623ed584045b50510e9f2f22462.webp',60),(197,'2026-03-29 08:51:21',0,'/assets/images/products/male/formal_collection/alterre/formal_wear_shirt_slim_fit_2/e58d852ae3a94cb4b120cae25fd7c934.jpg',61),(198,'2026-03-29 08:51:21',1,'/assets/images/products/male/formal_collection/alterre/formal_wear_shirt_slim_fit_2/f8c98f39aec34571b31cd26fde6f596e.jpg',61),(199,'2026-03-29 08:51:21',2,'/assets/images/products/male/formal_collection/alterre/formal_wear_shirt_slim_fit_2/635ab18309d54c328e24cab3bdfcfcc7.jpg',61),(200,'2026-03-29 08:51:21',3,'/assets/images/products/male/formal_collection/alterre/formal_wear_shirt_slim_fit_2/27caa9fc4d1144aba3aa9e31150a0a64.jpg',61),(201,'2026-03-29 08:51:54',0,'/assets/images/products/male/formal_collection/alterre/formal_wear_slim_fit_ls_shirt/1ceb5512285349eb9a55bbafe0a2107e.jpg',62),(202,'2026-03-29 08:51:54',1,'/assets/images/products/male/formal_collection/alterre/formal_wear_slim_fit_ls_shirt/0a2eb42e9dcb4ae79be8e69ed15b5303.jpg',62),(203,'2026-03-29 08:51:54',2,'/assets/images/products/male/formal_collection/alterre/formal_wear_slim_fit_ls_shirt/6cf5b73b39ff4e9d9c48f3fa18e357e3.jpg',62),(204,'2026-03-29 08:52:27',0,'/assets/images/products/male/formal_collection/alterre/office_wear_slim_fit_ls_shirt/4f987365fb2840ada4b626601b42ddbc.jpg',63),(205,'2026-03-29 08:52:27',1,'/assets/images/products/male/formal_collection/alterre/office_wear_slim_fit_ls_shirt/eb106a89672f4f17b3a044412500ce36.jpg',63),(206,'2026-03-29 08:52:27',2,'/assets/images/products/male/formal_collection/alterre/office_wear_slim_fit_ls_shirt/9f87cb5522e245fa8c9c490f2b3a3b97.jpg',63),(207,'2026-03-29 08:53:09',0,'/assets/images/products/male/formal_collection/alterre/office_wear_slim_fit_ls_shirt_2/5703b78692fc447fbca51e1c950150a5.jpg',64),(208,'2026-03-29 08:53:09',1,'/assets/images/products/male/formal_collection/alterre/office_wear_slim_fit_ls_shirt_2/04615a1081a94dfcbcbc420a9bccd1b6.jpg',64),(209,'2026-03-29 08:53:09',2,'/assets/images/products/male/formal_collection/alterre/office_wear_slim_fit_ls_shirt_2/01d86e7a928840a5864f5b38d3997013.jpg',64),(210,'2026-03-29 08:53:09',3,'/assets/images/products/male/formal_collection/alterre/office_wear_slim_fit_ls_shirt_2/afacb87f576a422bac10ddbd09cfd54f.jpg',64),(211,'2026-03-29 09:07:49',0,'/assets/images/products/male/party_evening_wear/soiren/cuban_collar_party_wear_ls_shirt/0e257ea1832843c4bff32887d6c9da15.jpg',65),(212,'2026-03-29 09:07:49',1,'/assets/images/products/male/party_evening_wear/soiren/cuban_collar_party_wear_ls_shirt/c16266c360d14b289875f3d468edaafc.jpg',65),(213,'2026-03-29 09:07:49',2,'/assets/images/products/male/party_evening_wear/soiren/cuban_collar_party_wear_ls_shirt/4efc9539e8324c83bc5cdc272691762e.jpg',65),(214,'2026-03-29 09:07:49',3,'/assets/images/products/male/party_evening_wear/soiren/cuban_collar_party_wear_ls_shirt/86002124dea04a598096ce9a8ba877ec.jpg',65),(215,'2026-03-29 09:08:33',0,'/assets/images/products/male/party_evening_wear/soiren/party_wear_half_placket_ls_shirt/a38c47e76e7d4feea80d7cd26ee9499d.jpg',66),(216,'2026-03-29 09:08:33',1,'/assets/images/products/male/party_evening_wear/soiren/party_wear_half_placket_ls_shirt/ca9da0c1a7e14ef78ff732c64fd82115.jpg',66),(217,'2026-03-29 09:08:33',2,'/assets/images/products/male/party_evening_wear/soiren/party_wear_half_placket_ls_shirt/9c49c3e3cf6a43efa6ea595f15c09f95.jpg',66),(218,'2026-03-29 09:08:33',3,'/assets/images/products/male/party_evening_wear/soiren/party_wear_half_placket_ls_shirt/49e18616a1994c2ebe11ff6e07e4fb36.jpg',66),(219,'2026-03-29 09:09:14',0,'/assets/images/products/male/party_evening_wear/soiren/party_wear_half_placket_ss_shirt/f5901b5cb0cb455bbeeb5dea8e80aada.jpg',67),(220,'2026-03-29 09:09:14',1,'/assets/images/products/male/party_evening_wear/soiren/party_wear_half_placket_ss_shirt/4348a783b64345a5a59f316067a20793.jpg',67),(221,'2026-03-29 09:09:14',2,'/assets/images/products/male/party_evening_wear/soiren/party_wear_half_placket_ss_shirt/2043c96bb43746c3942cbe34165d9f97.jpg',67),(222,'2026-03-29 09:09:14',3,'/assets/images/products/male/party_evening_wear/soiren/party_wear_half_placket_ss_shirt/b992dacf77c34a8ea528fd9030111aa1.jpg',67),(223,'2026-03-29 09:10:08',0,'/assets/images/products/male/party_evening_wear/soiren/party_wear_ls_shirt/87e28686db86485daf221cf20082d193.jpg',68),(224,'2026-03-29 09:10:08',1,'/assets/images/products/male/party_evening_wear/soiren/party_wear_ls_shirt/e71e2d6d180348459450ad94accfdcc5.jpg',68),(225,'2026-03-29 09:10:08',2,'/assets/images/products/male/party_evening_wear/soiren/party_wear_ls_shirt/715928fa483440c69846223c83a7f77b.jpg',68),(226,'2026-03-29 09:10:08',3,'/assets/images/products/male/party_evening_wear/soiren/party_wear_ls_shirt/96579bedac0e4d35bdfc8691562b52be.jpg',68),(227,'2026-03-29 09:19:27',0,'/assets/images/products/male/outerwear_jackets/alterre/beige_128_kid_wool_burges_jacket/84419b0a577e4c78afdaaa6956dbc574.jpg',69),(228,'2026-03-29 09:19:27',1,'/assets/images/products/male/outerwear_jackets/alterre/beige_128_kid_wool_burges_jacket/c2d86892a88e44cbbf22620298a8d867.jpg',69),(229,'2026-03-29 09:19:27',2,'/assets/images/products/male/outerwear_jackets/alterre/beige_128_kid_wool_burges_jacket/a27230ae353741d98ef895e3311f7395.jpg',69),(230,'2026-03-29 09:19:27',3,'/assets/images/products/male/outerwear_jackets/alterre/beige_128_kid_wool_burges_jacket/a861a72c705a4c718cf807b458b8283c.jpg',69),(231,'2026-03-29 09:20:09',0,'/assets/images/products/male/outerwear_jackets/alterre/navy_cashmere_40_zipped_jacket/6b5777408bc14f61a3aa027719850f86.jpg',70),(232,'2026-03-29 09:20:09',1,'/assets/images/products/male/outerwear_jackets/alterre/navy_cashmere_40_zipped_jacket/c404c1099260453da70ae0f0b83c7845.jpg',70),(233,'2026-03-29 09:20:09',2,'/assets/images/products/male/outerwear_jackets/alterre/navy_cashmere_40_zipped_jacket/4514f6f97a5546899e854cbaccc078f8.jpg',70),(234,'2026-03-29 09:20:09',3,'/assets/images/products/male/outerwear_jackets/alterre/navy_cashmere_40_zipped_jacket/8530407b3dc146aaba2e5a04cbd5a87e.jpg',70),(235,'2026-03-29 09:20:46',0,'/assets/images/products/male/outerwear_jackets/alterre/thermotaped_jacket_20_knots/d10106ba66d84f439f27cbd20ecf413c.jpg',71),(236,'2026-03-29 09:20:46',1,'/assets/images/products/male/outerwear_jackets/alterre/thermotaped_jacket_20_knots/077b5f5260fe44bc869a09f64473a455.jpg',71),(237,'2026-03-29 09:20:46',2,'/assets/images/products/male/outerwear_jackets/alterre/thermotaped_jacket_20_knots/55e74806946a414dab5cac4497fd045f.jpg',71),(238,'2026-03-29 09:20:46',3,'/assets/images/products/male/outerwear_jackets/alterre/thermotaped_jacket_20_knots/9a9d3a07541a4c76a78c6fe33bfcda63.jpg',71),(239,'2026-03-29 09:21:18',0,'/assets/images/products/male/outerwear_jackets/alterre/cashmere_fleece_james_bomber/39bcc6810f18425e9a20705d99a69590.jpg',72),(240,'2026-03-29 09:21:18',1,'/assets/images/products/male/outerwear_jackets/alterre/cashmere_fleece_james_bomber/9f1dc75e898343f89761ce0bc222545b.jpg',72),(241,'2026-03-29 09:21:18',2,'/assets/images/products/male/outerwear_jackets/alterre/cashmere_fleece_james_bomber/c107ef99db1a4196b3912090c1c3635b.jpg',72),(242,'2026-03-29 10:54:45',0,'/assets/images/products/male/sports_active/velora/a1_cut_off_tank/e5ba638403b2452497cb614e859d2367.webp',73),(243,'2026-03-29 10:54:45',1,'/assets/images/products/male/sports_active/velora/a1_cut_off_tank/48032605a35e44f38541aa3bc8a1ed6a.webp',73),(244,'2026-03-29 10:54:45',2,'/assets/images/products/male/sports_active/velora/a1_cut_off_tank/ed02f0df45e446848a29bd97f33deaa8.webp',73),(245,'2026-03-29 10:55:26',0,'/assets/images/products/male/sports_active/velora/a2_quad_shorts/9978d72e284742a8aba4eddb7393e7a5.webp',74),(246,'2026-03-29 10:55:26',1,'/assets/images/products/male/sports_active/velora/a2_quad_shorts/f12cdd0825604a0cb0dde27fb2ccfa52.webp',74),(247,'2026-03-29 10:55:26',2,'/assets/images/products/male/sports_active/velora/a2_quad_shorts/07e706896c1742a18b303dd7a3910bf9.webp',74),(248,'2026-03-29 10:55:26',3,'/assets/images/products/male/sports_active/velora/a2_quad_shorts/28b717586b2c400caab0239db14fad47.webp',74),(249,'2026-03-29 10:56:27',0,'/assets/images/products/male/sports_active/velora/astroid_flex_tank/733d5bcd7e0a42239f5dfa5dea5c2376.webp',75),(250,'2026-03-29 10:56:27',1,'/assets/images/products/male/sports_active/velora/astroid_flex_tank/638627f6e5ca434b93da4ce6d0e6453a.webp',75),(251,'2026-03-29 10:56:27',2,'/assets/images/products/male/sports_active/velora/astroid_flex_tank/499d022904c849c4bc1af0df5846976d.webp',75),(252,'2026-03-29 10:56:27',3,'/assets/images/products/male/sports_active/velora/astroid_flex_tank/0a7f32e9f9d44c1ea3ec4c8b2996f9f3.webp',75),(253,'2026-03-29 10:57:11',0,'/assets/images/products/male/sports_active/velora/elevate_stringer/c1fa81c1364341009f010315e27e87b9.webp',76),(254,'2026-03-29 10:57:11',1,'/assets/images/products/male/sports_active/velora/elevate_stringer/1e67b235eeb34993a18c70b3a8627a6b.webp',76),(255,'2026-03-29 10:57:11',2,'/assets/images/products/male/sports_active/velora/elevate_stringer/12983c9bee8b45d2a8d81c151574c8fa.webp',76),(256,'2026-03-29 10:57:11',3,'/assets/images/products/male/sports_active/velora/elevate_stringer/3e531f8c397c48728a00f73f00760ef0.webp',76),(257,'2026-03-29 10:57:51',0,'/assets/images/products/male/sports_active/velora/force_stringer/2c9d408320504f6c90713f2d2cee8e8c.webp',77),(258,'2026-03-29 10:57:51',1,'/assets/images/products/male/sports_active/velora/force_stringer/81a4a8826d0a4b7fbda9a37ea9fa0173.webp',77),(259,'2026-03-29 10:57:51',2,'/assets/images/products/male/sports_active/velora/force_stringer/ba3c64572a89451598ae3ba58989400e.webp',77),(260,'2026-03-29 10:57:51',3,'/assets/images/products/male/sports_active/velora/force_stringer/7e6ca48e5ce942e99d7168ca9168528e.webp',77),(261,'2026-03-29 11:00:19',0,'/assets/images/products/male/sports_active/velora/fusion_basketball_tank/42dfa8e2372641cca889bd6dac00a5f8.webp',78),(262,'2026-03-29 11:00:19',1,'/assets/images/products/male/sports_active/velora/fusion_basketball_tank/64e302b8cf5a41b8b346ca9af5c13547.webp',78),(263,'2026-03-29 11:00:19',2,'/assets/images/products/male/sports_active/velora/fusion_basketball_tank/911c3ce3bc1444428fc6309671389bf3.webp',78),(264,'2026-03-29 11:00:19',3,'/assets/images/products/male/sports_active/velora/fusion_basketball_tank/782af87f4225402ba7a2059c93f7391b.webp',78),(265,'2026-03-29 11:25:15',0,'/assets/images/products/female/outerwear_jackets/alterre/365_zip_up_crop_jacket/6130b3d5ecc348818d8d229ff5b9d0d5.webp',79),(266,'2026-03-29 11:25:15',1,'/assets/images/products/female/outerwear_jackets/alterre/365_zip_up_crop_jacket/2e6d90f656dc4a04854e5d002749fef3.webp',79),(267,'2026-03-29 11:25:15',2,'/assets/images/products/female/outerwear_jackets/alterre/365_zip_up_crop_jacket/03d34f5bd30741a48d8fa80e9161e649.webp',79),(268,'2026-03-29 11:25:15',3,'/assets/images/products/female/outerwear_jackets/alterre/365_zip_up_crop_jacket/52fd137d148748fba3a348b6c309f363.webp',79),(269,'2026-03-29 11:26:46',0,'/assets/images/products/female/outerwear_jackets/alterre/seamless_performance_jacket/d2d16f5dd09d4630816b101cfcb7d0ef.webp',80),(270,'2026-03-29 11:26:46',1,'/assets/images/products/female/outerwear_jackets/alterre/seamless_performance_jacket/595e6ea8f5b74c1a99b25410449963fb.webp',80),(271,'2026-03-29 11:26:46',2,'/assets/images/products/female/outerwear_jackets/alterre/seamless_performance_jacket/62eae3b6a1f740f89e461d304f7a72c8.webp',80),(272,'2026-03-29 11:26:46',3,'/assets/images/products/female/outerwear_jackets/alterre/seamless_performance_jacket/5c6531d3bc5a4f2d9dc54a7f5eacc7e2.webp',80),(273,'2026-03-29 11:27:23',0,'/assets/images/products/female/outerwear_jackets/alterre/velocity_block_jacket/11ea6871d68b45b0bfb1351b80de2b4a.webp',81),(274,'2026-03-29 11:27:23',1,'/assets/images/products/female/outerwear_jackets/alterre/velocity_block_jacket/0b0f4eb2065a471a83a0103aed2ba1b7.webp',81),(275,'2026-03-29 11:27:23',2,'/assets/images/products/female/outerwear_jackets/alterre/velocity_block_jacket/243f996fb2ab4aaa9a75f7493ba06a85.webp',81),(299,'2026-03-29 13:37:37',0,'/assets/images/products/male/outerwear_jackets/alterre/90s_denim_trucker_jacket/758b2e963f074df5b58409152fe76786.jpg',88),(300,'2026-03-29 13:37:37',1,'/assets/images/products/male/outerwear_jackets/alterre/90s_denim_trucker_jacket/23034661dd264476bb1983ae8ca798fc.jpg',88),(301,'2026-03-29 13:37:37',2,'/assets/images/products/male/outerwear_jackets/alterre/90s_denim_trucker_jacket/c4a445b8c6b54b77b7410e06496c4b40.jpg',88),(302,'2026-03-29 13:37:37',3,'/assets/images/products/male/outerwear_jackets/alterre/90s_denim_trucker_jacket/164e9d3836264707ac0fd8fea2193fbc.jpg',88),(303,'2026-03-29 13:38:13',0,'/assets/images/products/male/outerwear_jackets/alterre/90s_denim_trucker_jacket_white/f416560fe4a844eb86ce97fdfaa61cad.jpg',89),(304,'2026-03-29 13:38:13',1,'/assets/images/products/male/outerwear_jackets/alterre/90s_denim_trucker_jacket_white/2958bbb83b684c6a9e511b0a84e79748.jpg',89),(305,'2026-03-29 13:38:13',2,'/assets/images/products/male/outerwear_jackets/alterre/90s_denim_trucker_jacket_white/4355ef20bd904271a9e68e5360ffdf45.jpg',89),(306,'2026-03-29 13:38:13',3,'/assets/images/products/male/outerwear_jackets/alterre/90s_denim_trucker_jacket_white/1c7539611b96460486411a21f8387259.jpg',89),(307,'2026-03-29 13:38:53',0,'/assets/images/products/male/outerwear_jackets/alterre/linen_cotton_mock_neck_jacket/385473acbc904f23b21564d256760242.jpg',90),(308,'2026-03-29 13:38:53',1,'/assets/images/products/male/outerwear_jackets/alterre/linen_cotton_mock_neck_jacket/5fb3fb95394140ce91228c98b0cbd5cc.jpg',90),(309,'2026-03-29 13:38:53',2,'/assets/images/products/male/outerwear_jackets/alterre/linen_cotton_mock_neck_jacket/ebdb24493a2f45949dff15f065d04656.jpg',90),(310,'2026-03-29 13:38:53',3,'/assets/images/products/male/outerwear_jackets/alterre/linen_cotton_mock_neck_jacket/6db1e47009a54e3c964ac8370e2eb7f0.jpg',90),(311,'2026-03-29 13:39:27',0,'/assets/images/products/male/outerwear_jackets/alterre/linen_cotton_zip_jacket/31bd82d4fe6a47d7bf31aa8c5e3d20d8.jpg',91),(312,'2026-03-29 13:39:27',1,'/assets/images/products/male/outerwear_jackets/alterre/linen_cotton_zip_jacket/16f8e693b7984d1f8410f98fe9c02971.jpg',91),(313,'2026-03-29 13:39:27',2,'/assets/images/products/male/outerwear_jackets/alterre/linen_cotton_zip_jacket/88053ab02bd344629795b9fbe69055b5.jpg',91),(314,'2026-03-29 13:39:27',3,'/assets/images/products/male/outerwear_jackets/alterre/linen_cotton_zip_jacket/a393291309a6441e9934a8a3a3a4d9f8.jpg',91),(315,'2026-03-29 13:40:14',0,'/assets/images/products/male/outerwear_jackets/alterre/ripstop_hooded_windbreaker_jacket/1025db46e39f4c96a101dd05216da7bc.jpg',92),(316,'2026-03-29 13:40:14',1,'/assets/images/products/male/outerwear_jackets/alterre/ripstop_hooded_windbreaker_jacket/a419d3de69a74c34b79d200cba255b93.jpg',92),(317,'2026-03-29 13:40:14',2,'/assets/images/products/male/outerwear_jackets/alterre/ripstop_hooded_windbreaker_jacket/0b3cbc309eae498cb979810d5c133e60.jpg',92),(318,'2026-03-29 13:40:14',3,'/assets/images/products/male/outerwear_jackets/alterre/ripstop_hooded_windbreaker_jacket/89e44535fc4d4969882767a53637c1a5.jpg',92),(319,'2026-03-31 11:51:30',0,'/assets/images/products/female/casual_wear/velora/rue_high_neck_fitted_top/32cfba5ac92a43e5954917cb335dab77.webp',93),(320,'2026-03-31 11:51:30',1,'/assets/images/products/female/casual_wear/velora/rue_high_neck_fitted_top/c23344cde8d540f1a7efee70c844f23f.webp',93),(321,'2026-03-31 11:51:30',2,'/assets/images/products/female/casual_wear/velora/rue_high_neck_fitted_top/83a580016ad04b6ab51b255c38d7ab67.webp',93),(322,'2026-03-31 11:51:30',3,'/assets/images/products/female/casual_wear/velora/rue_high_neck_fitted_top/5965aea5ed3a4a7ab3cb7da203458d24.webp',93),(323,'2026-04-02 07:26:00',0,'/assets/images/products/female/party_evening_wear/soiren/allondra_midi_dress/ab4d556e62ab40bea8a33bfc81735964.webp',94),(324,'2026-04-02 07:26:00',1,'/assets/images/products/female/party_evening_wear/soiren/allondra_midi_dress/247246777fad42d393cb869ad523b7b9.webp',94),(325,'2026-04-02 07:26:00',2,'/assets/images/products/female/party_evening_wear/soiren/allondra_midi_dress/a0a00d61889a46f3b84626e6a295a9e2.webp',94),(326,'2026-04-02 07:26:00',3,'/assets/images/products/female/party_evening_wear/soiren/allondra_midi_dress/a6468f7ce23a4c04a19d8693f7af3f8a.webp',94),(327,'2026-04-02 07:27:07',0,'/assets/images/products/female/party_evening_wear/soiren/batik_whirl_halter_neck_dress/d07b2f7eb01149d5b6ff74ed96cb34d3.webp',95),(328,'2026-04-02 07:27:07',1,'/assets/images/products/female/party_evening_wear/soiren/batik_whirl_halter_neck_dress/dd18f468d13244709da3f345ecec7952.webp',95),(329,'2026-04-02 07:27:07',2,'/assets/images/products/female/party_evening_wear/soiren/batik_whirl_halter_neck_dress/c49ab2cd60ff45c18d8f152c20a8fdcc.webp',95),(330,'2026-04-02 07:27:07',3,'/assets/images/products/female/party_evening_wear/soiren/batik_whirl_halter_neck_dress/721f38b011d747e7ab20255b8b71158d.webp',95),(331,'2026-04-02 07:28:24',0,'/assets/images/products/female/party_evening_wear/soiren/better_than_yesterday_ww_dress/3c0df1a3d25a4e2b973bbc993900edf6.jpg',96),(332,'2026-04-02 07:28:24',1,'/assets/images/products/female/party_evening_wear/soiren/better_than_yesterday_ww_dress/e208db40b3814d3d9d34a32061942fc9.jpg',96),(333,'2026-04-02 07:28:24',2,'/assets/images/products/female/party_evening_wear/soiren/better_than_yesterday_ww_dress/2e955b76593e4e6a97f218377f0c9329.jpg',96),(334,'2026-04-02 07:28:24',3,'/assets/images/products/female/party_evening_wear/soiren/better_than_yesterday_ww_dress/9fcbe7f65fc74ed5bf28aed0518da2a0.webp',96),(335,'2026-04-02 07:29:06',0,'/assets/images/products/female/party_evening_wear/soiren/nora_front_tie_dress/d5440afb82c745deb4b9b033cb4d7126.jpg',97),(336,'2026-04-02 07:29:06',1,'/assets/images/products/female/party_evening_wear/soiren/nora_front_tie_dress/76d9b490f12243ff8b3f6160a52dc4ad.jpg',97),(337,'2026-04-02 07:29:06',2,'/assets/images/products/female/party_evening_wear/soiren/nora_front_tie_dress/9a75abc0b6374b3bb6d254350ccc250d.jpg',97),(338,'2026-04-02 07:29:06',3,'/assets/images/products/female/party_evening_wear/soiren/nora_front_tie_dress/78646ca51df940b99b2b011b30d18726.webp',97),(339,'2026-04-02 07:29:54',0,'/assets/images/products/female/party_evening_wear/soiren/refined_relaxation_ww_dress/3fbcbf21a72a469b87ff43ed8720fe5c.webp',98),(340,'2026-04-02 07:29:54',1,'/assets/images/products/female/party_evening_wear/soiren/refined_relaxation_ww_dress/acb494bbd4ba4f2184582550b4aed914.webp',98),(341,'2026-04-02 07:29:54',2,'/assets/images/products/female/party_evening_wear/soiren/refined_relaxation_ww_dress/fc992c6c6bb94dbaab5d4f683cebb9d5.webp',98),(342,'2026-04-02 07:29:54',3,'/assets/images/products/female/party_evening_wear/soiren/refined_relaxation_ww_dress/1a317291b1b1452a9c0615eb09f22cb6.webp',98),(343,'2026-04-02 07:30:59',0,'/assets/images/products/female/party_evening_wear/soiren/resort_reverie_dress/b40beca7c94c4144873e0bb84031bad3.jpg',99),(344,'2026-04-02 07:30:59',1,'/assets/images/products/female/party_evening_wear/soiren/resort_reverie_dress/ca55d02216e846ccb98f25ac09bfd61f.jpg',99),(345,'2026-04-02 07:30:59',2,'/assets/images/products/female/party_evening_wear/soiren/resort_reverie_dress/e12a94270a0643cf8587dc6b2f4880c4.jpg',99),(346,'2026-04-02 07:44:13',0,'/assets/images/products/female/party_evening_wear/soiren/sunspell_linen_dress/9b73f46c91b14904b6c4510eeb8df41f.webp',100),(347,'2026-04-02 07:44:13',1,'/assets/images/products/female/party_evening_wear/soiren/sunspell_linen_dress/8e3e9fc1d52b4971a75572124a443aa3.webp',100),(348,'2026-04-02 07:44:13',2,'/assets/images/products/female/party_evening_wear/soiren/sunspell_linen_dress/cc0a460f798a4029856b09b6030d1255.webp',100),(349,'2026-04-02 07:44:54',0,'/assets/images/products/female/party_evening_wear/soiren/tie_front_short_dress/9f12150f122b4043a74636ec8fb9ce12.webp',101),(350,'2026-04-02 07:44:54',1,'/assets/images/products/female/party_evening_wear/soiren/tie_front_short_dress/c88549f3f7ec4591b5c225e4d0ead5cc.webp',101),(351,'2026-04-02 07:44:54',2,'/assets/images/products/female/party_evening_wear/soiren/tie_front_short_dress/6d4a6a34e8724a99b73d9561f656958f.webp',101),(352,'2026-04-02 07:44:54',3,'/assets/images/products/female/party_evening_wear/soiren/tie_front_short_dress/b2a672f84bca44c0bbf1ffdb7acfeaaa.webp',101),(353,'2026-04-02 07:50:15',0,'/assets/images/products/female/formal_collection/alterre/andriana_blouse_tank/1aac71aa253d49a094f738ae58a9bc58.webp',102),(354,'2026-04-02 07:50:15',1,'/assets/images/products/female/formal_collection/alterre/andriana_blouse_tank/a95f4398f7424d0092c119f8301a8db8.webp',102),(355,'2026-04-02 07:50:15',2,'/assets/images/products/female/formal_collection/alterre/andriana_blouse_tank/1b79254f0c8646c2b0fb66dc4a47e4ab.webp',102),(356,'2026-04-02 07:50:15',3,'/assets/images/products/female/formal_collection/alterre/andriana_blouse_tank/24cc5e71944d459398341458ebf8a1e2.webp',102),(357,'2026-04-02 07:51:04',0,'/assets/images/products/female/formal_collection/alterre/andriana_womens_blouse__formal_wear/ead1d4b454a54e208b274441e4694d6b.webp',103),(358,'2026-04-02 07:51:04',1,'/assets/images/products/female/formal_collection/alterre/andriana_womens_blouse__formal_wear/45d7143ce34541bb9b97f387a5c67d4a.webp',103),(359,'2026-04-02 07:51:04',2,'/assets/images/products/female/formal_collection/alterre/andriana_womens_blouse__formal_wear/2bda0e9c30f84f4285286258c8f83116.webp',103),(360,'2026-04-02 07:51:55',0,'/assets/images/products/female/formal_collection/alterre/andriana_womens_stripe_dress__formal_wear/25a1a565ffa94b03be60a1bcbdc4c6b2.webp',104),(361,'2026-04-02 07:51:55',1,'/assets/images/products/female/formal_collection/alterre/andriana_womens_stripe_dress__formal_wear/f9edf2257edd4d37baab0e4f6fbab8d9.webp',104),(362,'2026-04-02 07:51:55',2,'/assets/images/products/female/formal_collection/alterre/andriana_womens_stripe_dress__formal_wear/3b5ab1a0d2c749febd49b64ce6384c68.webp',104),(363,'2026-04-02 07:51:55',3,'/assets/images/products/female/formal_collection/alterre/andriana_womens_stripe_dress__formal_wear/9a35047c62ac4463a2358a21db229cd0.webp',104),(364,'2026-04-02 07:52:45',0,'/assets/images/products/female/formal_collection/alterre/balloon_sleeve_button_down_top/6fe4cb94ed9e42c6833519638cb70d30.webp',105),(365,'2026-04-02 07:52:45',1,'/assets/images/products/female/formal_collection/alterre/balloon_sleeve_button_down_top/127160f634d74f3e9eb234b4d4af0f08.webp',105),(366,'2026-04-02 07:52:45',2,'/assets/images/products/female/formal_collection/alterre/balloon_sleeve_button_down_top/4d0fee6cf382418098b900d9aa374beb.webp',105),(367,'2026-04-02 07:52:45',3,'/assets/images/products/female/formal_collection/alterre/balloon_sleeve_button_down_top/8d2cdf993f3f4dcaab22d80ba4ee721a.webp',105),(368,'2026-04-02 07:53:55',0,'/assets/images/products/female/formal_collection/alterre/classic_shirt_collar_ww_dress/642c618b669b4ab68f7faf8e25c5dba0.webp',106),(369,'2026-04-02 07:53:55',1,'/assets/images/products/female/formal_collection/alterre/classic_shirt_collar_ww_dress/eb73113ab2244f67b1d0fd21aee2ec68.webp',106),(370,'2026-04-02 07:53:55',2,'/assets/images/products/female/formal_collection/alterre/classic_shirt_collar_ww_dress/31efc2d1af1345378c9fd5ed93168539.webp',106),(371,'2026-04-02 07:53:55',3,'/assets/images/products/female/formal_collection/alterre/classic_shirt_collar_ww_dress/b4ae4b65c5a647df80839b5dc541c3e9.webp',106),(372,'2026-04-02 07:56:29',0,'/assets/images/products/female/formal_collection/alterre/florasan_ww_top/d47948ea11e34928b86178ec57ee11cb.webp',107),(373,'2026-04-02 07:56:29',1,'/assets/images/products/female/formal_collection/alterre/florasan_ww_top/3027d025fd8f492b9912709507e56016.webp',107),(374,'2026-04-02 07:56:29',2,'/assets/images/products/female/formal_collection/alterre/florasan_ww_top/32384b1aac76416686be5f3f7413a1c1.webp',107),(375,'2026-04-02 07:56:29',3,'/assets/images/products/female/formal_collection/alterre/florasan_ww_top/06bca1dc2df6476d96c010570573f306.webp',107),(376,'2026-04-02 07:57:13',0,'/assets/images/products/female/formal_collection/alterre/front_tie_up_loose_fit_top/f71534b6462b4fc285e967bc61b288a8.webp',108),(377,'2026-04-02 07:57:13',1,'/assets/images/products/female/formal_collection/alterre/front_tie_up_loose_fit_top/1ac3fdcb4db4400cbf99b7f14c772961.webp',108),(378,'2026-04-02 07:57:13',2,'/assets/images/products/female/formal_collection/alterre/front_tie_up_loose_fit_top/a8d9a06d4ca143c9acb2d4a2f35f407b.webp',108),(379,'2026-04-02 07:57:13',3,'/assets/images/products/female/formal_collection/alterre/front_tie_up_loose_fit_top/471198ef768c452ab1391c0c61813c5b.webp',108),(380,'2026-04-02 07:57:47',0,'/assets/images/products/female/formal_collection/alterre/long_sleeved_button_down_shirt/80a557d35bba4983b6d236b6d69d5826.webp',109),(381,'2026-04-02 07:57:47',1,'/assets/images/products/female/formal_collection/alterre/long_sleeved_button_down_shirt/4d128d765c0e401d9b78a6942d72d5f5.webp',109),(382,'2026-04-02 07:57:47',2,'/assets/images/products/female/formal_collection/alterre/long_sleeved_button_down_shirt/34deb68bfb6b4a6690a66a730da0960a.webp',109),(383,'2026-04-02 07:57:47',3,'/assets/images/products/female/formal_collection/alterre/long_sleeved_button_down_shirt/7450ca1ae46e46e1a152b1ebb7ba0cf9.webp',109),(384,'2026-04-02 08:03:06',0,'/assets/images/products/female/outerwear_jackets/alterre/florasion_ww_blazer/fb7ecf33d76b43759ac0bfbb62468393.webp',110),(385,'2026-04-02 08:03:06',1,'/assets/images/products/female/outerwear_jackets/alterre/florasion_ww_blazer/921d7462022f4d2dbfc1e0db8cb9e58e.webp',110),(386,'2026-04-02 08:03:06',2,'/assets/images/products/female/outerwear_jackets/alterre/florasion_ww_blazer/c62a20538ea54d738665cb525b7fadf0.webp',110),(387,'2026-04-02 08:03:06',3,'/assets/images/products/female/outerwear_jackets/alterre/florasion_ww_blazer/3e60b734065f41c4a93bfc3b82e2d9d4.webp',110),(388,'2026-04-02 08:06:29',0,'/assets/images/products/female/outerwear_jackets/alterre/polished_professional_ww_blazer/f920384f861347cbbbf2d7e96da3944c.webp',111),(389,'2026-04-02 08:06:29',1,'/assets/images/products/female/outerwear_jackets/alterre/polished_professional_ww_blazer/82d869c665114c8e8b11ee75ccb0e111.webp',111),(390,'2026-04-02 08:06:29',2,'/assets/images/products/female/outerwear_jackets/alterre/polished_professional_ww_blazer/8bdc67fa93f34dfabb40c10ffe85cb22.webp',111),(391,'2026-04-02 08:06:29',3,'/assets/images/products/female/outerwear_jackets/alterre/polished_professional_ww_blazer/d8cfa825b1b44a4e9a17e1ad55976f09.webp',111),(392,'2026-04-02 08:07:23',0,'/assets/images/products/female/outerwear_jackets/alterre/relax_statement_ww_overcoat/0b385faaa6344a9da6dc0de9c496ec2b.webp',112),(393,'2026-04-02 08:07:23',1,'/assets/images/products/female/outerwear_jackets/alterre/relax_statement_ww_overcoat/5e06569e3cea4b059147c1a44a7cedb0.webp',112),(394,'2026-04-02 08:07:23',2,'/assets/images/products/female/outerwear_jackets/alterre/relax_statement_ww_overcoat/fbd83d98c1594bb6a97d3c53daf831e4.webp',112),(395,'2026-04-02 08:07:23',3,'/assets/images/products/female/outerwear_jackets/alterre/relax_statement_ww_overcoat/fe0352c020104cd8b88a33b14eef5020.webp',112),(396,'2026-04-02 08:14:19',0,'/assets/images/products/female/outerwear_jackets/alterre/single_breasted_sleeveless_denim_jacket_coat/e7edbbfd172b40c3a162cccbc4dd64a0.webp',113),(397,'2026-04-02 08:14:19',1,'/assets/images/products/female/outerwear_jackets/alterre/single_breasted_sleeveless_denim_jacket_coat/131544f71a5b409681a6367df65e5325.webp',113),(398,'2026-04-02 08:14:19',2,'/assets/images/products/female/outerwear_jackets/alterre/single_breasted_sleeveless_denim_jacket_coat/3fefdd9b58d64b53a4ffb842ba72b8e8.webp',113),(399,'2026-04-02 08:14:19',3,'/assets/images/products/female/outerwear_jackets/alterre/single_breasted_sleeveless_denim_jacket_coat/d71c82c39c6b4d4ea25fbc3c0d58e722.webp',113),(400,'2026-04-02 08:17:11',0,'/assets/images/products/female/sports_active/velora/alpha_high_support_sports_bra/7f857a232edb42e19b1296c5f3b68e3f.webp',114),(401,'2026-04-02 08:17:11',1,'/assets/images/products/female/sports_active/velora/alpha_high_support_sports_bra/68294863bccb437cabccae9cd1b0c115.webp',114),(402,'2026-04-02 08:17:11',2,'/assets/images/products/female/sports_active/velora/alpha_high_support_sports_bra/66805d37168945baac7f6028d34b5ebc.webp',114),(403,'2026-04-02 08:17:11',3,'/assets/images/products/female/sports_active/velora/alpha_high_support_sports_bra/6ade9705cb1240a8b36577d1b47e1c73.webp',114),(404,'2026-04-02 08:17:44',0,'/assets/images/products/female/sports_active/velora/everyday_seamless_racerback_sports_bra/c93cfc0f630944809d26196b1740d881.webp',115),(405,'2026-04-02 08:17:44',1,'/assets/images/products/female/sports_active/velora/everyday_seamless_racerback_sports_bra/e19cd77ba1434cee8df83a79ff3eb203.webp',115),(406,'2026-04-02 08:17:44',2,'/assets/images/products/female/sports_active/velora/everyday_seamless_racerback_sports_bra/be6bd4700f4545c1b277456dfb82c663.webp',115),(407,'2026-04-02 08:17:44',3,'/assets/images/products/female/sports_active/velora/everyday_seamless_racerback_sports_bra/d4bdbc869bd14feb82d284c37f4cca2c.webp',115),(408,'2026-04-02 08:19:22',0,'/assets/images/products/female/sports_active/velora/kira_mesh_crop/fbd38d41057a41cf8dd47e7be96d5c00.webp',116),(409,'2026-04-02 08:19:22',1,'/assets/images/products/female/sports_active/velora/kira_mesh_crop/78963a2e13b349a194db7a4740588c0d.webp',116),(410,'2026-04-02 08:19:22',2,'/assets/images/products/female/sports_active/velora/kira_mesh_crop/47ed7d9101c4442a8085cf8614f88430.webp',116),(411,'2026-04-02 08:19:22',3,'/assets/images/products/female/sports_active/velora/kira_mesh_crop/23ef4feb51ea401c960fcbf9223e353c.webp',116),(412,'2026-04-02 08:20:01',0,'/assets/images/products/female/sports_active/velora/minimal_sports_bra/13cf298a04014e168e4ab79b6342f4fc.webp',117),(413,'2026-04-02 08:20:01',1,'/assets/images/products/female/sports_active/velora/minimal_sports_bra/4185a7fb0a0845029984f46d136db2eb.webp',117),(414,'2026-04-02 08:20:01',2,'/assets/images/products/female/sports_active/velora/minimal_sports_bra/04f1cfc3fe3f454bb7e822bd4b345eb9.webp',117),(415,'2026-04-02 08:20:01',3,'/assets/images/products/female/sports_active/velora/minimal_sports_bra/28f02ac1d2344d4aa055f6979799d7dd.webp',117),(416,'2026-04-02 08:20:41',0,'/assets/images/products/female/sports_active/velora/peek_a_boo_sports_bra/64d0b7f5981846fd9dfb0613505656f4.webp',118),(417,'2026-04-02 08:20:41',1,'/assets/images/products/female/sports_active/velora/peek_a_boo_sports_bra/5a626ed4755b47fdada0dc245233d5b6.webp',118),(418,'2026-04-02 08:20:41',2,'/assets/images/products/female/sports_active/velora/peek_a_boo_sports_bra/7f603e52bb2646eda789212f0ef9f3f4.webp',118),(419,'2026-04-02 08:20:41',3,'/assets/images/products/female/sports_active/velora/peek_a_boo_sports_bra/721924dfbd334df5ac432752e1ad10c0.webp',118),(420,'2026-04-02 08:21:15',0,'/assets/images/products/female/sports_active/velora/training_racer_midi_tank/b114046c1d8e49058ad31df41b50d9b1.webp',119),(421,'2026-04-02 08:21:15',1,'/assets/images/products/female/sports_active/velora/training_racer_midi_tank/90c38b6ca146411c9100cc48749ce902.webp',119),(422,'2026-04-02 08:21:15',2,'/assets/images/products/female/sports_active/velora/training_racer_midi_tank/fcb6490cd3644b04a711d62834b094e4.webp',119),(423,'2026-04-02 08:21:15',3,'/assets/images/products/female/sports_active/velora/training_racer_midi_tank/20ddbfc63bc34c42b7445aa0999ab9a0.webp',119),(424,'2026-04-02 08:25:44',0,'/assets/images/products/female/casual_wear/velora/lora_long_sleeved_fitted_top/5a96dfadf51045ffa0e11f03a89ad34b.webp',120),(425,'2026-04-02 08:25:44',1,'/assets/images/products/female/casual_wear/velora/lora_long_sleeved_fitted_top/093333d85dc04ff88ede66fce0a19535.webp',120),(426,'2026-04-02 08:25:44',2,'/assets/images/products/female/casual_wear/velora/lora_long_sleeved_fitted_top/1c6d9e712b8743c08866d4487ef128cd.webp',120),(427,'2026-04-02 08:26:39',0,'/assets/images/products/female/casual_wear/velora/chole_collar_detailed_short_sleeved_fitted_top/46a33c223c754cf6ac448c4f6b4d42f9.webp',121),(428,'2026-04-02 08:26:39',1,'/assets/images/products/female/casual_wear/velora/chole_collar_detailed_short_sleeved_fitted_top/ab2a4a0cb78b4676a5b91454653ca3f5.webp',121),(429,'2026-04-02 08:26:39',2,'/assets/images/products/female/casual_wear/velora/chole_collar_detailed_short_sleeved_fitted_top/f6b18b1d7ec24966a5b788dae1281e50.webp',121),(430,'2026-04-02 08:26:39',3,'/assets/images/products/female/casual_wear/velora/chole_collar_detailed_short_sleeved_fitted_top/2686c77b8fb24281a42e11918e75b90d.webp',121),(431,'2026-04-02 08:27:27',0,'/assets/images/products/female/casual_wear/velora/beck_high_neck_sleeveless_fitted_top/5fb5989c216a4c43afcc8fbb62dbd46a.webp',122),(432,'2026-04-02 08:27:27',1,'/assets/images/products/female/casual_wear/velora/beck_high_neck_sleeveless_fitted_top/4a7f9743a8d44c149f3474f039e86a8d.webp',122),(433,'2026-04-02 08:27:27',2,'/assets/images/products/female/casual_wear/velora/beck_high_neck_sleeveless_fitted_top/71e412731bc0492d9c8a917788d01d36.jpg',122),(434,'2026-04-02 08:27:27',3,'/assets/images/products/female/casual_wear/velora/beck_high_neck_sleeveless_fitted_top/243e0ddd0b5c4608a425a77cdafab5e7.webp',122),(435,'2026-04-02 08:28:14',0,'/assets/images/products/female/casual_wear/velora/bustier_detailed_corset_top/32ef36f05e1f4cd7bbac54d7f8e4d416.webp',123),(436,'2026-04-02 08:28:14',1,'/assets/images/products/female/casual_wear/velora/bustier_detailed_corset_top/8ab0f53e848b49fe996e3ccd50b5f5a2.webp',123),(437,'2026-04-02 08:28:14',2,'/assets/images/products/female/casual_wear/velora/bustier_detailed_corset_top/10bb164fda7742ff824bc6f8536562fb.webp',123),(438,'2026-04-02 08:28:14',3,'/assets/images/products/female/casual_wear/velora/bustier_detailed_corset_top/95754941ad664540aaa2f062cbf12a69.webp',123);
/*!40000 ALTER TABLE `product_images` ENABLE KEYS */;
UNLOCK TABLES;

--
-- Table structure for table `product_stocks`
--

DROP TABLE IF EXISTS `product_stocks`;
/*!40101 SET @saved_cs_client     = @@character_set_client */;
/*!50503 SET character_set_client = utf8mb4 */;
CREATE TABLE `product_stocks` (
  `id` bigint NOT NULL AUTO_INCREMENT,
  `price` decimal(10,2) NOT NULL,
  `size` enum('L','M','S','XL','XS','XXL') NOT NULL,
  `stock_count` int NOT NULL,
  `updated_at` timestamp NULL DEFAULT NULL ON UPDATE CURRENT_TIMESTAMP,
  `product_id` bigint NOT NULL,
  PRIMARY KEY (`id`),
  KEY `FK1dm90iiym3tkqyivfwcsrmn2k` (`product_id`),
  CONSTRAINT `FK1dm90iiym3tkqyivfwcsrmn2k` FOREIGN KEY (`product_id`) REFERENCES `products` (`id`)
) ENGINE=InnoDB AUTO_INCREMENT=739 DEFAULT CHARSET=utf8mb4 COLLATE=utf8mb4_0900_ai_ci;
/*!40101 SET character_set_client = @saved_cs_client */;

--
-- Dumping data for table `product_stocks`
--

LOCK TABLES `product_stocks` WRITE;
/*!40000 ALTER TABLE `product_stocks` DISABLE KEYS */;
INSERT INTO `product_stocks` VALUES (43,3999.00,'XS',0,'2026-03-27 14:36:42',8),(44,3999.00,'S',10,'2026-03-27 14:36:42',8),(45,3999.00,'M',20,'2026-03-27 14:36:42',8),(46,3999.00,'L',0,'2026-03-27 14:36:42',8),(47,3999.00,'XL',0,'2026-03-27 14:36:42',8),(48,3999.00,'XXL',0,'2026-03-27 14:36:42',8),(49,3699.00,'XS',0,'2026-03-27 14:36:31',9),(50,3699.00,'S',20,'2026-03-27 14:36:31',9),(51,3699.00,'M',30,'2026-03-27 14:36:31',9),(52,3699.00,'L',20,'2026-03-27 14:36:31',9),(53,3699.00,'XL',0,'2026-03-27 14:36:31',9),(54,3699.00,'XXL',0,'2026-03-27 14:36:31',9),(61,2999.00,'XS',10,'2026-03-27 14:36:16',11),(62,2999.00,'S',10,'2026-03-27 14:36:16',11),(63,2999.00,'M',10,'2026-03-27 14:36:16',11),(64,2999.00,'L',10,'2026-03-27 14:36:16',11),(65,2999.00,'XL',10,'2026-03-27 14:36:16',11),(66,2999.00,'XXL',0,'2026-03-27 14:36:16',11),(67,4999.00,'XS',0,'2026-03-27 14:36:05',12),(68,4999.00,'S',4,'2026-03-27 14:36:05',12),(69,4999.00,'M',10,'2026-03-27 14:36:05',12),(70,4999.00,'L',20,'2026-03-27 14:36:05',12),(71,4999.00,'XL',0,'2026-03-27 14:36:05',12),(72,4999.00,'XXL',0,'2026-03-27 14:36:05',12),(73,3999.00,'XS',0,'2026-03-27 14:35:44',13),(74,3999.00,'S',10,'2026-03-27 14:35:44',13),(75,3999.00,'M',20,'2026-03-27 14:35:44',13),(76,3999.00,'L',50,'2026-03-27 14:35:44',13),(77,3999.00,'XL',0,'2026-03-27 14:35:44',13),(78,3999.00,'XXL',0,'2026-03-27 14:35:44',13),(79,5999.00,'XS',0,'2026-03-27 14:41:10',14),(80,5999.00,'S',5,'2026-03-27 14:41:10',14),(81,5999.00,'M',8,'2026-03-27 14:41:10',14),(82,5999.00,'L',4,'2026-03-27 14:41:10',14),(83,5999.00,'XL',0,'2026-03-27 14:41:10',14),(84,5999.00,'XXL',0,'2026-03-27 14:41:10',14),(85,5599.00,'XS',0,'2026-03-27 14:41:23',15),(86,5599.00,'S',3,'2026-03-27 14:41:23',15),(87,5599.00,'M',6,'2026-03-27 14:41:23',15),(88,5599.00,'L',4,'2026-03-27 14:41:23',15),(89,5599.00,'XL',0,'2026-03-27 14:41:23',15),(90,5599.00,'XXL',0,'2026-03-27 14:41:23',15),(91,6999.00,'XS',0,'2026-03-27 14:41:35',16),(92,6999.00,'S',6,'2026-03-27 14:41:35',16),(93,6999.00,'M',0,'2026-03-27 14:41:35',16),(94,6999.00,'L',4,'2026-03-27 14:41:35',16),(95,6999.00,'XL',0,'2026-03-27 14:41:35',16),(96,6999.00,'XXL',0,'2026-03-27 14:41:35',16),(97,4999.00,'XS',0,'2026-03-27 14:41:45',17),(98,4999.00,'S',4,'2026-03-27 14:41:45',17),(99,4999.00,'M',3,'2026-03-27 14:41:45',17),(100,4999.00,'L',4,'2026-03-27 14:41:45',17),(101,4999.00,'XL',0,'2026-03-27 14:41:45',17),(102,4999.00,'XXL',0,'2026-03-27 14:41:45',17),(103,7999.00,'XS',0,'2026-03-27 14:41:58',18),(104,7999.00,'S',1,'2026-03-27 14:41:58',18),(105,7999.00,'M',2,'2026-03-27 14:41:58',18),(106,7999.00,'L',2,'2026-03-27 14:41:58',18),(107,7999.00,'XL',0,'2026-03-27 14:41:58',18),(108,7999.00,'XXL',0,'2026-03-27 14:41:58',18),(109,3999.00,'XS',0,'2026-03-27 14:50:57',19),(110,3999.00,'S',3,'2026-03-27 14:50:57',19),(111,3999.00,'M',5,'2026-03-31 17:01:13',19),(112,3999.00,'L',2,'2026-03-27 14:50:57',19),(113,3999.00,'XL',0,'2026-03-27 14:50:57',19),(114,3999.00,'XXL',0,'2026-03-27 14:50:57',19),(115,2599.00,'XS',0,'2026-03-27 14:51:08',20),(116,2599.00,'S',4,'2026-03-27 14:51:08',20),(117,2599.00,'M',4,'2026-03-27 14:51:08',20),(118,2599.00,'L',6,'2026-03-27 14:51:08',20),(119,2599.00,'XL',0,'2026-03-27 14:51:08',20),(120,2599.00,'XXL',0,'2026-03-27 14:51:08',20),(121,4199.00,'XS',2,'2026-03-27 14:51:25',21),(122,4199.00,'S',2,'2026-03-27 14:51:25',21),(123,4199.00,'M',4,'2026-03-27 14:51:25',21),(124,4199.00,'L',5,'2026-03-27 14:51:25',21),(125,4199.00,'XL',0,'2026-03-27 14:51:25',21),(126,4199.00,'XXL',0,'2026-03-27 14:51:25',21),(127,4999.00,'XS',0,'2026-03-27 14:52:34',22),(128,4999.00,'S',3,'2026-03-27 14:52:34',22),(129,4999.00,'M',3,'2026-03-27 14:52:34',22),(130,4999.00,'L',6,'2026-03-27 14:52:34',22),(131,4999.00,'XL',0,'2026-03-27 14:52:34',22),(132,4999.00,'XXL',0,'2026-03-27 14:52:34',22),(133,2799.00,'XS',2,'2026-03-27 14:52:53',23),(134,2799.00,'S',4,'2026-03-27 14:52:53',23),(135,2799.00,'M',5,'2026-03-27 14:52:53',23),(136,2799.00,'L',3,'2026-03-27 14:52:53',23),(137,2799.00,'XL',0,'2026-03-27 14:52:53',23),(138,2799.00,'XXL',0,'2026-03-27 14:52:53',23),(139,2999.00,'XS',1,'2026-03-27 14:53:17',24),(140,2999.00,'S',4,'2026-03-27 14:53:17',24),(141,2999.00,'M',5,'2026-03-27 14:53:17',24),(142,2999.00,'L',4,'2026-03-27 14:53:17',24),(143,2999.00,'XL',5,'2026-03-27 14:53:17',24),(144,2999.00,'XXL',0,'2026-03-27 14:53:17',24),(145,3399.00,'XS',2,'2026-03-27 14:53:36',25),(146,3399.00,'S',5,'2026-03-27 14:53:36',25),(147,3399.00,'M',5,'2026-03-27 14:53:36',25),(148,3399.00,'L',4,'2026-03-27 14:53:36',25),(149,3399.00,'XL',0,'2026-03-27 14:53:36',25),(150,3399.00,'XXL',0,'2026-03-27 14:53:36',25),(151,2999.00,'XS',0,'2026-03-27 14:53:51',26),(152,2999.00,'S',1,'2026-03-27 14:53:51',26),(153,2999.00,'M',1,'2026-03-27 14:53:51',26),(154,2999.00,'L',1,'2026-03-27 14:53:51',26),(155,2999.00,'XL',0,'2026-03-27 14:53:51',26),(156,2999.00,'XXL',0,'2026-03-27 14:53:51',26),(157,4999.00,'XS',0,'2026-03-27 14:54:08',27),(158,4999.00,'S',3,'2026-03-27 14:54:08',27),(159,4999.00,'M',3,'2026-03-27 14:54:08',27),(160,4999.00,'L',4,'2026-03-27 14:54:08',27),(161,4999.00,'XL',0,'2026-03-27 14:54:08',27),(162,4999.00,'XXL',0,'2026-03-27 14:54:08',27),(163,3899.00,'XS',0,'2026-03-27 14:54:23',28),(164,3899.00,'S',3,'2026-03-27 14:54:23',28),(165,3899.00,'M',2,'2026-03-27 14:54:23',28),(166,3899.00,'L',0,'2026-03-27 14:54:23',28),(167,3899.00,'XL',0,'2026-03-27 14:54:23',28),(168,3899.00,'XXL',0,'2026-03-27 14:54:23',28),(169,6999.00,'XS',0,'2026-03-27 15:00:44',29),(170,6999.00,'S',4,'2026-03-27 15:00:44',29),(171,6999.00,'M',6,'2026-03-27 15:00:44',29),(172,6999.00,'L',0,'2026-03-27 15:00:44',29),(173,6999.00,'XL',0,'2026-03-27 15:00:44',29),(174,6999.00,'XXL',0,'2026-03-27 15:00:44',29),(175,5999.00,'XS',0,'2026-03-27 15:00:54',30),(176,5999.00,'S',3,'2026-03-27 15:00:54',30),(177,5999.00,'M',3,'2026-03-27 15:00:54',30),(178,5999.00,'L',1,'2026-03-27 15:00:54',30),(179,5999.00,'XL',0,'2026-03-27 15:00:54',30),(180,5999.00,'XXL',0,'2026-03-27 15:00:54',30),(181,4599.00,'XS',0,'2026-03-27 15:01:15',31),(182,4599.00,'S',2,'2026-03-27 15:01:15',31),(183,4599.00,'M',5,'2026-03-27 15:01:15',31),(184,4599.00,'L',2,'2026-03-27 15:01:15',31),(185,4599.00,'XL',0,'2026-03-27 15:01:15',31),(186,4599.00,'XXL',0,'2026-03-27 15:01:15',31),(187,6999.00,'XS',0,'2026-03-27 15:01:30',32),(188,6999.00,'S',3,'2026-03-27 15:01:30',32),(189,6999.00,'M',4,'2026-03-27 15:01:30',32),(190,6999.00,'L',3,'2026-03-27 15:01:30',32),(191,6999.00,'XL',0,'2026-03-27 15:01:30',32),(192,6999.00,'XXL',0,'2026-03-27 15:01:30',32),(193,5999.00,'XS',0,'2026-03-27 15:01:44',33),(194,5999.00,'S',3,'2026-03-27 15:01:44',33),(195,5999.00,'M',6,'2026-03-27 15:01:44',33),(196,5999.00,'L',3,'2026-03-27 15:01:44',33),(197,5999.00,'XL',0,'2026-03-27 15:01:44',33),(198,5999.00,'XXL',0,'2026-03-27 15:01:44',33),(199,5999.00,'XS',0,'2026-03-27 15:02:00',34),(200,5999.00,'S',3,'2026-03-27 15:02:00',34),(201,5999.00,'M',6,'2026-03-27 15:02:00',34),(202,5999.00,'L',5,'2026-03-27 15:02:00',34),(203,5999.00,'XL',0,'2026-03-27 15:02:00',34),(204,5999.00,'XXL',0,'2026-03-27 15:02:00',34),(205,2999.00,'XS',5,'2026-03-28 08:23:24',35),(206,2999.00,'S',4,'2026-03-28 08:23:24',35),(207,2999.00,'M',3,'2026-03-28 08:23:24',35),(208,2999.00,'L',5,'2026-03-28 08:23:24',35),(209,2999.00,'XL',0,'2026-03-28 08:23:24',35),(210,2999.00,'XXL',0,'2026-03-28 08:23:24',35),(211,3399.00,'XS',0,'2026-03-28 08:23:50',36),(212,3399.00,'S',2,'2026-03-28 08:23:50',36),(213,3399.00,'M',2,'2026-03-28 08:23:50',36),(214,3399.00,'L',2,'2026-03-28 08:23:50',36),(215,3399.00,'XL',0,'2026-03-28 08:23:50',36),(216,3399.00,'XXL',0,'2026-03-28 08:23:50',36),(217,3999.00,'XS',0,'2026-03-28 08:24:14',37),(218,3999.00,'S',3,'2026-03-28 08:24:14',37),(219,3999.00,'M',5,'2026-03-28 08:24:14',37),(220,3999.00,'L',2,'2026-03-28 08:24:14',37),(221,3999.00,'XL',0,'2026-03-28 08:24:14',37),(222,3999.00,'XXL',0,'2026-03-28 08:24:14',37),(223,3599.00,'XS',1,'2026-03-28 08:24:32',38),(224,3599.00,'S',0,'2026-03-28 08:24:32',38),(225,3599.00,'M',4,'2026-03-28 08:24:32',38),(226,3599.00,'L',0,'2026-03-28 08:24:32',38),(227,3599.00,'XL',0,'2026-03-28 08:24:32',38),(228,3599.00,'XXL',0,'2026-03-28 08:24:32',38),(229,3499.00,'XS',2,'2026-03-28 08:24:51',39),(230,3499.00,'S',0,'2026-03-28 08:24:51',39),(231,3499.00,'M',0,'2026-03-28 08:24:51',39),(232,3499.00,'L',2,'2026-03-28 08:24:51',39),(233,3499.00,'XL',1,'2026-03-28 08:24:51',39),(234,3499.00,'XXL',0,'2026-03-28 08:24:51',39),(235,2999.00,'XS',0,'2026-03-28 08:25:19',40),(236,2999.00,'S',2,'2026-03-28 08:25:19',40),(237,2999.00,'M',1,'2026-03-28 08:25:19',40),(238,2999.00,'L',4,'2026-03-28 08:25:19',40),(239,2999.00,'XL',0,'2026-03-28 08:25:19',40),(240,2999.00,'XXL',0,'2026-03-28 08:25:19',40),(241,3999.00,'XS',5,'2026-03-28 08:25:41',41),(242,3999.00,'S',8,'2026-03-28 08:25:41',41),(243,3999.00,'M',6,'2026-03-28 08:25:41',41),(244,3999.00,'L',8,'2026-03-28 08:25:41',41),(245,3999.00,'XL',0,'2026-03-28 08:25:41',41),(246,3999.00,'XXL',0,'2026-03-28 08:25:41',41),(259,5999.00,'XS',30,'2026-03-28 09:09:22',44),(260,5999.00,'S',8,'2026-03-28 09:09:22',44),(261,5999.00,'M',10,'2026-03-28 09:09:22',44),(262,5999.00,'L',20,'2026-03-28 09:09:22',44),(263,5999.00,'XL',0,'2026-03-28 09:09:22',44),(264,5999.00,'XXL',0,'2026-03-28 09:09:22',44),(271,4999.00,'XS',7,'2026-03-28 09:11:45',46),(272,4999.00,'S',12,'2026-03-28 09:11:45',46),(273,4999.00,'M',7,'2026-03-28 09:11:45',46),(274,4999.00,'L',6,'2026-03-28 09:11:45',46),(275,4999.00,'XL',0,'2026-03-28 09:11:45',46),(276,4999.00,'XXL',0,'2026-03-28 09:11:45',46),(277,7999.00,'XS',5,'2026-03-28 09:12:19',47),(278,7999.00,'S',6,'2026-03-28 09:12:19',47),(279,7999.00,'M',13,'2026-03-28 09:12:19',47),(280,7999.00,'L',13,'2026-03-28 09:12:19',47),(281,7999.00,'XL',0,'2026-03-28 09:12:19',47),(282,7999.00,'XXL',0,'2026-03-28 09:12:19',47),(289,3999.00,'XS',15,'2026-03-28 09:13:20',49),(290,3999.00,'S',20,'2026-03-28 09:13:20',49),(291,3999.00,'M',2,'2026-03-28 09:13:20',49),(292,3999.00,'L',0,'2026-03-28 09:13:20',49),(293,3999.00,'XL',0,'2026-03-28 09:13:20',49),(294,3999.00,'XXL',0,'2026-03-28 09:13:20',49),(295,5499.00,'XS',0,'2026-03-28 09:13:45',50),(296,5499.00,'S',6,'2026-03-28 09:13:45',50),(297,5499.00,'M',5,'2026-03-28 09:13:45',50),(298,5499.00,'L',5,'2026-03-28 09:13:45',50),(299,5499.00,'XL',0,'2026-03-28 09:13:45',50),(300,5499.00,'XXL',0,'2026-03-28 09:13:45',50),(307,6999.00,'XS',0,'2026-03-28 09:14:38',52),(308,6999.00,'S',7,'2026-03-28 09:14:38',52),(309,6999.00,'M',6,'2026-03-31 03:52:46',52),(310,6999.00,'L',6,'2026-03-28 09:14:38',52),(311,6999.00,'XL',0,'2026-03-28 09:14:38',52),(312,6999.00,'XXL',0,'2026-03-28 09:14:38',52),(313,3899.00,'XS',7,'2026-03-28 09:15:04',53),(314,3899.00,'S',7,'2026-03-28 09:15:04',53),(315,3899.00,'M',5,'2026-03-28 09:15:04',53),(316,3899.00,'L',6,'2026-03-28 09:15:04',53),(317,3899.00,'XL',0,'2026-03-28 09:15:04',53),(318,3899.00,'XXL',0,'2026-03-28 09:15:04',53),(319,3499.00,'XS',0,'2026-03-28 12:16:21',54),(320,3499.00,'S',6,'2026-03-28 12:16:21',54),(321,3499.00,'M',5,'2026-03-31 17:01:13',54),(322,3499.00,'L',5,'2026-03-28 12:16:21',54),(323,3499.00,'XL',0,'2026-03-28 12:16:21',54),(324,3499.00,'XXL',0,'2026-03-28 12:16:21',54),(325,4999.00,'XS',0,'2026-03-28 12:16:42',55),(326,4999.00,'S',5,'2026-03-28 12:16:42',55),(327,4999.00,'M',6,'2026-03-28 12:16:42',55),(328,4999.00,'L',5,'2026-03-28 12:16:42',55),(329,4999.00,'XL',0,'2026-03-28 12:16:42',55),(330,4999.00,'XXL',0,'2026-03-28 12:16:42',55),(331,3599.00,'XS',2,'2026-03-28 12:17:11',56),(332,3599.00,'S',7,'2026-03-28 12:17:11',56),(333,3599.00,'M',4,'2026-03-28 12:17:11',56),(334,3599.00,'L',6,'2026-03-28 12:17:11',56),(335,3599.00,'XL',7,'2026-03-28 12:17:11',56),(336,3599.00,'XXL',0,'2026-03-28 12:17:11',56),(337,5999.00,'XS',0,'2026-03-28 12:17:33',57),(338,5999.00,'S',7,'2026-03-28 12:17:33',57),(339,5999.00,'M',8,'2026-03-31 01:10:38',57),(340,5999.00,'L',20,'2026-03-28 12:17:33',57),(341,5999.00,'XL',0,'2026-03-28 12:17:33',57),(342,5999.00,'XXL',0,'2026-03-28 12:17:33',57),(343,3199.00,'XS',0,'2026-03-28 12:18:12',58),(344,3199.00,'S',5,'2026-03-28 12:18:12',58),(345,3199.00,'M',4,'2026-03-31 05:29:59',58),(346,3199.00,'L',4,'2026-03-28 12:18:12',58),(347,3199.00,'XL',0,'2026-03-28 12:18:12',58),(348,3199.00,'XXL',0,'2026-03-28 12:18:12',58),(349,2999.00,'XS',0,'2026-03-28 12:17:51',59),(350,2999.00,'S',20,'2026-03-28 12:17:51',59),(351,2999.00,'M',10,'2026-03-28 12:17:51',59),(352,2999.00,'L',0,'2026-03-28 12:17:51',59),(353,2999.00,'XL',0,'2026-03-28 12:17:51',59),(354,2999.00,'XXL',0,'2026-03-28 12:17:51',59),(355,2999.00,'XS',7,'2026-03-28 12:15:58',60),(356,2999.00,'S',8,'2026-03-31 17:01:13',60),(357,2999.00,'M',6,'2026-03-28 12:15:58',60),(358,2999.00,'L',8,'2026-03-28 12:15:58',60),(359,2999.00,'XL',0,'2026-03-28 12:15:58',60),(360,2999.00,'XXL',0,'2026-03-28 12:15:58',60),(361,4999.00,'XS',10,'2026-03-29 08:54:35',61),(362,4999.00,'S',20,'2026-03-29 08:54:35',61),(363,4999.00,'M',30,'2026-03-29 08:54:35',61),(364,4999.00,'L',20,'2026-03-29 08:54:35',61),(365,4999.00,'XL',0,'2026-03-29 08:54:35',61),(366,4999.00,'XXL',0,'2026-03-29 08:54:35',61),(367,5999.00,'XS',0,'2026-03-29 08:54:51',62),(368,5999.00,'S',4,'2026-03-29 08:54:51',62),(369,5999.00,'M',7,'2026-03-29 08:54:51',62),(370,5999.00,'L',3,'2026-03-29 08:54:51',62),(371,5999.00,'XL',0,'2026-03-29 08:54:51',62),(372,5999.00,'XXL',0,'2026-03-29 08:54:51',62),(373,4999.00,'XS',0,'2026-03-29 08:55:28',63),(374,4999.00,'S',10,'2026-03-29 08:55:28',63),(375,4999.00,'M',20,'2026-03-29 08:55:28',63),(376,4999.00,'L',20,'2026-03-29 08:55:28',63),(377,4999.00,'XL',0,'2026-03-29 08:55:28',63),(378,4999.00,'XXL',0,'2026-03-29 08:55:28',63),(379,5999.00,'XS',0,'2026-03-29 08:55:41',64),(380,5999.00,'S',3,'2026-03-29 08:55:41',64),(381,5999.00,'M',9,'2026-03-29 08:55:41',64),(382,5999.00,'L',0,'2026-03-29 08:55:41',64),(383,5999.00,'XL',0,'2026-03-29 08:55:41',64),(384,5999.00,'XXL',0,'2026-03-29 08:55:41',64),(385,3899.00,'XS',0,'2026-03-29 09:11:29',65),(386,3899.00,'S',20,'2026-03-29 09:11:29',65),(387,3899.00,'M',10,'2026-03-29 09:11:29',65),(388,3899.00,'L',3,'2026-03-29 09:11:29',65),(389,3899.00,'XL',0,'2026-03-29 09:11:29',65),(390,3899.00,'XXL',0,'2026-03-29 09:11:29',65),(391,4999.00,'XS',0,'2026-03-29 09:11:37',66),(392,4999.00,'S',20,'2026-03-29 09:11:37',66),(393,4999.00,'M',20,'2026-03-29 09:11:37',66),(394,4999.00,'L',20,'2026-03-29 09:11:37',66),(395,4999.00,'XL',0,'2026-03-29 09:11:37',66),(396,4999.00,'XXL',0,'2026-03-29 09:11:37',66),(397,4999.00,'XS',10,'2026-03-29 09:11:48',67),(398,4999.00,'S',1,'2026-03-29 09:11:48',67),(399,4999.00,'M',10,'2026-03-29 09:11:48',67),(400,4999.00,'L',10,'2026-03-29 09:11:48',67),(401,4999.00,'XL',0,'2026-03-29 09:11:48',67),(402,4999.00,'XXL',0,'2026-03-29 09:11:48',67),(403,4899.00,'XS',20,'2026-03-29 09:11:58',68),(404,4899.00,'S',0,'2026-03-29 09:11:58',68),(405,4899.00,'M',20,'2026-03-29 09:11:58',68),(406,4899.00,'L',20,'2026-03-29 09:11:58',68),(407,4899.00,'XL',20,'2026-03-29 09:11:58',68),(408,4899.00,'XXL',0,'2026-03-29 09:11:58',68),(409,6999.00,'XS',0,'2026-03-29 09:21:41',69),(410,6999.00,'S',20,'2026-03-29 09:21:41',69),(411,6999.00,'M',30,'2026-03-29 09:21:41',69),(412,6999.00,'L',0,'2026-03-29 09:21:41',69),(413,6999.00,'XL',0,'2026-03-29 09:21:41',69),(414,6999.00,'XXL',0,'2026-03-29 09:21:41',69),(415,7999.00,'XS',0,'2026-03-29 09:21:54',70),(416,7999.00,'S',10,'2026-03-29 09:21:54',70),(417,7999.00,'M',10,'2026-03-29 09:21:54',70),(418,7999.00,'L',10,'2026-03-29 09:21:54',70),(419,7999.00,'XL',0,'2026-03-29 09:21:54',70),(420,7999.00,'XXL',10,'2026-03-29 09:21:54',70),(421,6999.00,'XS',10,'2026-03-29 09:22:03',71),(422,6999.00,'S',20,'2026-03-29 09:22:03',71),(423,6999.00,'M',20,'2026-03-29 09:22:03',71),(424,6999.00,'L',0,'2026-03-29 09:22:03',71),(425,6999.00,'XL',0,'2026-03-29 09:22:03',71),(426,6999.00,'XXL',0,'2026-03-29 09:22:03',71),(427,6999.00,'XS',20,'2026-03-29 09:22:11',72),(428,6999.00,'S',10,'2026-03-29 09:22:11',72),(429,6999.00,'M',10,'2026-03-29 09:22:11',72),(430,6999.00,'L',0,'2026-03-29 09:22:11',72),(431,6999.00,'XL',0,'2026-03-29 09:22:11',72),(432,6999.00,'XXL',0,'2026-03-29 09:22:11',72),(433,2999.00,'XS',0,'2026-03-29 11:04:31',73),(434,2999.00,'S',20,'2026-03-29 11:04:31',73),(435,2999.00,'M',30,'2026-03-29 11:04:31',73),(436,2999.00,'L',9,'2026-03-31 17:01:13',73),(437,2999.00,'XL',0,'2026-03-29 11:04:31',73),(438,2999.00,'XXL',0,'2026-03-29 11:04:31',73),(439,3899.00,'XS',0,'2026-03-29 11:04:43',74),(440,3899.00,'S',10,'2026-03-29 11:04:43',74),(441,3899.00,'M',20,'2026-03-29 11:04:43',74),(442,3899.00,'L',30,'2026-03-29 11:04:43',74),(443,3899.00,'XL',0,'2026-03-29 11:04:43',74),(444,3899.00,'XXL',0,'2026-03-29 11:04:43',74),(445,2799.00,'XS',0,'2026-03-29 11:04:55',75),(446,2799.00,'S',20,'2026-03-29 11:04:55',75),(447,2799.00,'M',50,'2026-03-29 11:04:55',75),(448,2799.00,'L',20,'2026-03-29 11:04:55',75),(449,2799.00,'XL',0,'2026-03-29 11:04:55',75),(450,2799.00,'XXL',0,'2026-03-29 11:04:55',75),(451,3899.00,'XS',0,'2026-03-29 11:05:04',76),(452,3899.00,'S',0,'2026-03-29 11:05:04',76),(453,3899.00,'M',20,'2026-03-29 11:05:04',76),(454,3899.00,'L',0,'2026-03-29 11:05:04',76),(455,3899.00,'XL',0,'2026-03-29 11:05:04',76),(456,3899.00,'XXL',0,'2026-03-29 11:05:04',76),(457,3699.00,'XS',0,'2026-03-29 11:41:03',77),(458,3699.00,'S',0,'2026-03-29 11:41:03',77),(459,3699.00,'M',0,'2026-03-29 11:41:03',77),(460,3699.00,'L',0,'2026-03-29 11:41:03',77),(461,3699.00,'XL',0,'2026-03-29 11:41:03',77),(462,3699.00,'XXL',0,'2026-03-29 11:41:03',77),(463,4999.00,'XS',0,'2026-03-29 11:05:18',78),(464,4999.00,'S',0,'2026-03-29 11:05:18',78),(465,4999.00,'M',28,'2026-03-31 03:52:46',78),(466,4999.00,'L',20,'2026-03-29 11:05:18',78),(467,4999.00,'XL',0,'2026-03-29 11:05:18',78),(468,4999.00,'XXL',0,'2026-03-29 11:05:18',78),(469,4999.00,'XS',0,'2026-04-02 07:58:34',79),(470,4999.00,'S',10,'2026-04-02 07:58:34',79),(471,4999.00,'M',20,'2026-04-02 07:58:34',79),(472,4999.00,'L',30,'2026-04-02 07:58:34',79),(473,4999.00,'XL',0,'2026-04-02 07:58:34',79),(474,4999.00,'XXL',0,'2026-04-02 07:58:34',79),(475,5000.00,'XS',0,'2026-04-02 07:58:45',80),(476,5000.00,'S',0,'2026-04-02 07:58:45',80),(477,5000.00,'M',20,'2026-04-02 07:58:45',80),(478,5000.00,'L',3,'2026-04-02 07:58:45',80),(479,5000.00,'XL',0,'2026-04-02 07:58:45',80),(480,5000.00,'XXL',0,'2026-04-02 07:58:45',80),(481,3899.00,'XS',10,'2026-04-02 07:58:58',81),(482,3899.00,'S',0,'2026-04-02 07:58:58',81),(483,3899.00,'M',20,'2026-04-02 07:58:58',81),(484,3899.00,'L',0,'2026-04-02 07:58:58',81),(485,3899.00,'XL',10,'2026-04-02 07:58:58',81),(486,3899.00,'XXL',0,'2026-04-02 07:58:58',81),(523,5999.00,'XS',0,'2026-03-29 13:40:26',88),(524,5999.00,'S',10,'2026-03-29 13:40:26',88),(525,5999.00,'M',20,'2026-03-29 13:40:26',88),(526,5999.00,'L',30,'2026-03-29 13:40:26',88),(527,5999.00,'XL',0,'2026-03-29 13:40:26',88),(528,5999.00,'XXL',0,'2026-03-29 13:40:26',88),(529,5999.00,'XS',0,'2026-03-29 13:40:34',89),(530,5999.00,'S',20,'2026-03-29 13:40:34',89),(531,5999.00,'M',0,'2026-03-29 13:40:34',89),(532,5999.00,'L',29,'2026-03-31 01:10:38',89),(533,5999.00,'XL',0,'2026-03-29 13:40:34',89),(534,5999.00,'XXL',0,'2026-03-29 13:40:34',89),(535,6999.00,'XS',10,'2026-03-29 13:40:45',90),(536,6999.00,'S',20,'2026-03-29 13:40:45',90),(537,6999.00,'M',30,'2026-03-29 13:40:45',90),(538,6999.00,'L',40,'2026-03-29 13:40:45',90),(539,6999.00,'XL',0,'2026-03-29 13:40:45',90),(540,6999.00,'XXL',0,'2026-03-29 13:40:45',90),(541,3999.00,'XS',0,'2026-03-29 13:40:54',91),(542,3999.00,'S',20,'2026-03-29 13:40:54',91),(543,3999.00,'M',30,'2026-03-29 13:40:54',91),(544,3999.00,'L',30,'2026-03-29 13:40:54',91),(545,3999.00,'XL',0,'2026-03-29 13:40:54',91),(546,3999.00,'XXL',0,'2026-03-29 13:40:54',91),(547,5999.00,'XS',0,'2026-03-29 13:41:03',92),(548,5999.00,'S',20,'2026-03-29 13:41:03',92),(549,5999.00,'M',30,'2026-03-29 13:41:03',92),(550,5999.00,'L',40,'2026-03-29 13:41:03',92),(551,5999.00,'XL',0,'2026-03-29 13:41:03',92),(552,5999.00,'XXL',0,'2026-03-29 13:41:03',92),(553,3250.00,'XS',10,'2026-03-31 11:51:58',93),(554,3250.00,'S',16,'2026-03-31 17:01:13',93),(555,3250.00,'M',32,'2026-04-02 09:00:42',93),(556,3250.00,'L',10,'2026-03-31 11:51:58',93),(557,3250.00,'XL',0,'2026-03-31 11:51:58',93),(558,3250.00,'XXL',0,'2026-03-31 11:51:58',93),(559,5699.00,'XS',0,'2026-04-02 07:45:07',94),(560,5699.00,'S',20,'2026-04-02 07:45:07',94),(561,5699.00,'M',10,'2026-04-02 07:45:07',94),(562,5699.00,'L',30,'2026-04-02 07:45:07',94),(563,5699.00,'XL',0,'2026-04-02 07:45:07',94),(564,5699.00,'XXL',0,'2026-04-02 07:45:07',94),(565,7899.00,'XS',0,'2026-04-02 07:45:18',95),(566,7899.00,'S',30,'2026-04-02 07:45:18',95),(567,7899.00,'M',20,'2026-04-02 07:45:18',95),(568,7899.00,'L',10,'2026-04-02 07:45:18',95),(569,7899.00,'XL',0,'2026-04-02 07:45:18',95),(570,7899.00,'XXL',0,'2026-04-02 07:45:18',95),(571,5999.00,'XS',30,'2026-04-02 07:45:34',96),(572,5999.00,'S',20,'2026-04-02 07:45:34',96),(573,5999.00,'M',0,'2026-04-02 07:45:34',96),(574,5999.00,'L',10,'2026-04-02 07:45:34',96),(575,5999.00,'XL',0,'2026-04-02 07:45:34',96),(576,5999.00,'XXL',0,'2026-04-02 07:45:34',96),(577,6999.00,'XS',0,'2026-04-02 07:46:20',97),(578,6999.00,'S',20,'2026-04-02 07:46:21',97),(579,6999.00,'M',30,'2026-04-02 07:46:21',97),(580,6999.00,'L',0,'2026-04-02 07:46:20',97),(581,6999.00,'XL',0,'2026-04-02 07:46:20',97),(582,6999.00,'XXL',0,'2026-04-02 07:46:20',97),(583,7899.00,'XS',10,'2026-04-02 07:46:50',98),(584,7899.00,'S',20,'2026-04-02 07:46:50',98),(585,7899.00,'M',30,'2026-04-02 07:46:50',98),(586,7899.00,'L',10,'2026-04-02 07:46:50',98),(587,7899.00,'XL',0,'2026-04-02 07:46:50',98),(588,7899.00,'XXL',0,'2026-04-02 07:46:50',98),(589,6999.00,'XS',0,'2026-04-02 07:47:12',99),(590,6999.00,'S',20,'2026-04-02 07:47:12',99),(591,6999.00,'M',0,'2026-04-02 07:47:12',99),(592,6999.00,'L',30,'2026-04-02 07:47:12',99),(593,6999.00,'XL',0,'2026-04-02 07:47:12',99),(594,6999.00,'XXL',0,'2026-04-02 07:47:12',99),(595,5899.00,'XS',0,'2026-04-02 07:47:33',100),(596,5899.00,'S',20,'2026-04-02 07:47:33',100),(597,5899.00,'M',4,'2026-04-02 07:47:33',100),(598,5899.00,'L',0,'2026-04-02 07:47:33',100),(599,5899.00,'XL',0,'2026-04-02 07:47:33',100),(600,5899.00,'XXL',0,'2026-04-02 07:47:33',100),(601,4999.00,'XS',10,'2026-04-02 07:47:23',101),(602,4999.00,'S',10,'2026-04-02 07:47:23',101),(603,4999.00,'M',10,'2026-04-02 07:47:23',101),(604,4999.00,'L',10,'2026-04-02 07:47:23',101),(605,4999.00,'XL',0,'2026-04-02 07:47:23',101),(606,4999.00,'XXL',0,'2026-04-02 07:47:23',101),(607,4999.00,'XS',0,'2026-04-02 08:01:53',102),(608,4999.00,'S',20,'2026-04-02 08:01:53',102),(609,4999.00,'M',30,'2026-04-02 08:01:53',102),(610,4999.00,'L',10,'2026-04-02 08:01:53',102),(611,4999.00,'XL',0,'2026-04-02 08:01:53',102),(612,4999.00,'XXL',0,'2026-04-02 08:01:53',102),(613,4399.00,'XS',0,'2026-04-02 08:02:07',103),(614,4399.00,'S',20,'2026-04-02 08:02:07',103),(615,4399.00,'M',0,'2026-04-02 08:02:07',103),(616,4399.00,'L',20,'2026-04-02 08:02:07',103),(617,4399.00,'XL',0,'2026-04-02 08:02:07',103),(618,4399.00,'XXL',0,'2026-04-02 08:02:07',103),(619,6999.00,'XS',0,'2026-04-02 08:01:20',104),(620,6999.00,'S',20,'2026-04-02 08:01:20',104),(621,6999.00,'M',30,'2026-04-02 08:01:20',104),(622,6999.00,'L',10,'2026-04-02 08:01:20',104),(623,6999.00,'XL',0,'2026-04-02 08:01:20',104),(624,6999.00,'XXL',0,'2026-04-02 08:01:20',104),(625,4699.00,'XS',10,'2026-04-02 08:01:00',105),(626,4699.00,'S',20,'2026-04-02 08:01:00',105),(627,4699.00,'M',30,'2026-04-02 08:01:00',105),(628,4699.00,'L',10,'2026-04-02 08:01:00',105),(629,4699.00,'XL',30,'2026-04-02 08:01:00',105),(630,4699.00,'XXL',20,'2026-04-02 08:01:00',105),(631,4999.00,'XS',10,'2026-04-02 08:00:36',106),(632,4999.00,'S',20,'2026-04-02 08:00:36',106),(633,4999.00,'M',30,'2026-04-02 08:00:36',106),(634,4999.00,'L',0,'2026-04-02 08:00:36',106),(635,4999.00,'XL',0,'2026-04-02 08:00:36',106),(636,4999.00,'XXL',0,'2026-04-02 08:00:36',106),(637,4250.00,'XS',0,'2026-04-02 08:00:23',107),(638,4250.00,'S',2,'2026-04-02 08:00:23',107),(639,4250.00,'M',10,'2026-04-02 08:00:23',107),(640,4250.00,'L',0,'2026-04-02 08:00:23',107),(641,4250.00,'XL',0,'2026-04-02 08:00:23',107),(642,4250.00,'XXL',0,'2026-04-02 08:00:23',107),(643,3799.00,'XS',10,'2026-04-02 08:00:05',108),(644,3799.00,'S',20,'2026-04-02 08:00:05',108),(645,3799.00,'M',20,'2026-04-02 08:00:05',108),(646,3799.00,'L',0,'2026-04-02 08:00:05',108),(647,3799.00,'XL',0,'2026-04-02 08:00:05',108),(648,3799.00,'XXL',0,'2026-04-02 08:00:05',108),(649,4999.00,'XS',0,'2026-04-02 07:59:55',109),(650,4999.00,'S',20,'2026-04-02 07:59:55',109),(651,4999.00,'M',20,'2026-04-02 07:59:55',109),(652,4999.00,'L',0,'2026-04-02 07:59:55',109),(653,4999.00,'XL',0,'2026-04-02 07:59:55',109),(654,4999.00,'XXL',0,'2026-04-02 07:59:55',109),(655,5999.00,'XS',0,'2026-04-02 08:08:22',110),(656,5999.00,'S',10,'2026-04-02 08:08:22',110),(657,5999.00,'M',20,'2026-04-02 08:08:22',110),(658,5999.00,'L',30,'2026-04-02 08:08:22',110),(659,5999.00,'XL',0,'2026-04-02 08:08:22',110),(660,5999.00,'XXL',0,'2026-04-02 08:08:22',110),(661,6999.00,'XS',10,'2026-04-02 08:08:37',111),(662,6999.00,'S',20,'2026-04-02 08:08:37',111),(663,6999.00,'M',20,'2026-04-02 08:08:37',111),(664,6999.00,'L',30,'2026-04-02 08:08:37',111),(665,6999.00,'XL',0,'2026-04-02 08:08:37',111),(666,6999.00,'XXL',0,'2026-04-02 08:08:37',111),(667,7999.00,'XS',10,'2026-04-02 08:08:51',112),(668,7999.00,'S',20,'2026-04-02 08:08:51',112),(669,7999.00,'M',30,'2026-04-02 08:08:51',112),(670,7999.00,'L',0,'2026-04-02 08:08:51',112),(671,7999.00,'XL',20,'2026-04-02 08:08:51',112),(672,7999.00,'XXL',0,'2026-04-02 08:08:51',112),(673,5699.00,'XS',10,'2026-04-02 08:14:40',113),(674,5699.00,'S',20,'2026-04-02 08:14:40',113),(675,5699.00,'M',30,'2026-04-02 08:14:40',113),(676,5699.00,'L',0,'2026-04-02 08:14:40',113),(677,5699.00,'XL',0,'2026-04-02 08:14:40',113),(678,5699.00,'XXL',0,'2026-04-02 08:14:40',113),(679,4999.00,'XS',0,'2026-04-02 08:22:21',114),(680,4999.00,'S',20,'2026-04-02 08:22:21',114),(681,4999.00,'M',30,'2026-04-02 08:22:21',114),(682,4999.00,'L',0,'2026-04-02 08:22:21',114),(683,4999.00,'XL',0,'2026-04-02 08:22:21',114),(684,4999.00,'XXL',0,'2026-04-02 08:22:21',114),(685,3999.00,'XS',0,'2026-04-02 08:22:32',115),(686,3999.00,'S',20,'2026-04-02 08:22:32',115),(687,3999.00,'M',10,'2026-04-02 08:22:32',115),(688,3999.00,'L',30,'2026-04-02 08:22:32',115),(689,3999.00,'XL',0,'2026-04-02 08:22:32',115),(690,3999.00,'XXL',0,'2026-04-02 08:22:32',115),(691,3599.00,'XS',0,'2026-04-02 08:22:53',116),(692,3599.00,'S',20,'2026-04-02 08:22:53',116),(693,3599.00,'M',30,'2026-04-02 08:22:53',116),(694,3599.00,'L',10,'2026-04-02 08:22:53',116),(695,3599.00,'XL',0,'2026-04-02 08:22:53',116),(696,3599.00,'XXL',0,'2026-04-02 08:22:53',116),(697,5199.00,'XS',0,'2026-04-02 08:23:28',117),(698,5199.00,'S',30,'2026-04-02 08:23:28',117),(699,5199.00,'M',30,'2026-04-02 08:23:28',117),(700,5199.00,'L',0,'2026-04-02 08:23:28',117),(701,5199.00,'XL',0,'2026-04-02 08:23:28',117),(702,5199.00,'XXL',0,'2026-04-02 08:23:28',117),(703,4999.00,'XS',10,'2026-04-02 08:23:16',118),(704,4999.00,'S',10,'2026-04-02 08:23:16',118),(705,4999.00,'M',30,'2026-04-02 08:23:16',118),(706,4999.00,'L',20,'2026-04-02 08:23:16',118),(707,4999.00,'XL',0,'2026-04-02 08:23:16',118),(708,4999.00,'XXL',0,'2026-04-02 08:23:16',118),(709,2999.00,'XS',0,'2026-04-02 08:23:40',119),(710,2999.00,'S',30,'2026-04-02 08:23:40',119),(711,2999.00,'M',30,'2026-04-02 08:23:40',119),(712,2999.00,'L',0,'2026-04-02 08:23:40',119),(713,2999.00,'XL',0,'2026-04-02 08:23:40',119),(714,2999.00,'XXL',0,'2026-04-02 08:23:40',119),(715,1999.00,'XS',10,'2026-04-02 08:29:13',120),(716,1999.00,'S',30,'2026-04-02 08:29:13',120),(717,1999.00,'M',30,'2026-04-02 08:29:13',120),(718,1999.00,'L',40,'2026-04-02 08:29:13',120),(719,1999.00,'XL',0,'2026-04-02 08:29:13',120),(720,1999.00,'XXL',0,'2026-04-02 08:29:13',120),(721,4199.00,'XS',0,'2026-04-02 08:29:03',121),(722,4199.00,'S',20,'2026-04-02 08:29:03',121),(723,4199.00,'M',0,'2026-04-02 08:29:03',121),(724,4199.00,'L',20,'2026-04-02 08:29:03',121),(725,4199.00,'XL',0,'2026-04-02 08:29:03',121),(726,4199.00,'XXL',0,'2026-04-02 08:29:03',121),(727,3199.00,'XS',50,'2026-04-02 08:28:54',122),(728,3199.00,'S',30,'2026-04-02 08:28:54',122),(729,3199.00,'M',30,'2026-04-02 08:28:54',122),(730,3199.00,'L',0,'2026-04-02 08:28:54',122),(731,3199.00,'XL',0,'2026-04-02 08:28:54',122),(732,3199.00,'XXL',0,'2026-04-02 08:28:54',122),(733,4999.00,'XS',10,'2026-04-02 08:28:43',123),(734,4999.00,'S',20,'2026-04-02 08:28:43',123),(735,4999.00,'M',30,'2026-04-02 08:28:43',123),(736,4999.00,'L',0,'2026-04-02 08:28:43',123),(737,4999.00,'XL',0,'2026-04-02 08:28:43',123),(738,4999.00,'XXL',0,'2026-04-02 08:28:43',123);
/*!40000 ALTER TABLE `product_stocks` ENABLE KEYS */;
UNLOCK TABLES;

--
-- Table structure for table `products`
--

DROP TABLE IF EXISTS `products`;
/*!40101 SET @saved_cs_client     = @@character_set_client */;
/*!50503 SET character_set_client = utf8mb4 */;
CREATE TABLE `products` (
  `id` bigint NOT NULL AUTO_INCREMENT,
  `category` enum('CASUAL_WEAR','FORMAL_COLLECTION','OUTERWEAR_JACKETS','PARTY_EVENING_WEAR','SPORTS_ACTIVE') NOT NULL,
  `created_at` timestamp NOT NULL DEFAULT CURRENT_TIMESTAMP,
  `description` text,
  `gender` enum('FEMALE','MALE') NOT NULL,
  `main_image_path` varchar(255) NOT NULL,
  `product_name` varchar(255) NOT NULL,
  `updated_at` timestamp NULL DEFAULT NULL ON UPDATE CURRENT_TIMESTAMP,
  `seller_id` bigint NOT NULL,
  PRIMARY KEY (`id`),
  KEY `FKepbha8uixgrmnejm27n6e1kkd` (`seller_id`),
  CONSTRAINT `FKepbha8uixgrmnejm27n6e1kkd` FOREIGN KEY (`seller_id`) REFERENCES `sellers` (`id`)
) ENGINE=InnoDB AUTO_INCREMENT=124 DEFAULT CHARSET=utf8mb4 COLLATE=utf8mb4_0900_ai_ci;
/*!40101 SET character_set_client = @saved_cs_client */;

--
-- Dumping data for table `products`
--

LOCK TABLES `products` WRITE;
/*!40000 ALTER TABLE `products` DISABLE KEYS */;
INSERT INTO `products` VALUES (8,'FORMAL_COLLECTION','2026-03-27 14:31:10','Wide-leg tailored trousers in a fluid, wrinkle-resistant fabrication. Effortless authority from boardroom to evenings.','FEMALE','/assets/images/products/female/formal_collection/alterre/executive_flow_ww_pant/c5ecb340a6a34639b95ba7bb50dd000e.webp','Executive Flow WW Pant','2026-03-28 04:14:42',11),(9,'FORMAL_COLLECTION','2026-03-27 14:31:53','A refined wrap dress in a whisper-weight weave. Minimal seaming, architectural drape, zero compromise.','FEMALE','/assets/images/products/female/formal_collection/alterre/quiet_protocol_ww_dress/42a7b0298d1f48a78979ad4783fffb7c.webp','Quiet Protocol WW Dress','2026-03-27 14:31:53',11),(11,'FORMAL_COLLECTION','2026-03-27 14:33:26','Precision-fitted woven top with clean placket and structured shoulder. The quiet hero of every work wardrobe.','FEMALE','/assets/images/products/female/formal_collection/alterre/the_daily_uniform_ww_top/c44c66148ade4ad097a9264e1d7529b0.webp','The Daily Uniform WW Top','2026-03-27 14:33:26',11),(12,'FORMAL_COLLECTION','2026-03-27 14:34:26','The wardrobe cornerstone — a precise shift silhouette in premium ponte. Dresses up, dresses down, never overdoes it.','FEMALE','/assets/images/products/female/formal_collection/alterre/the_daily_standard_ww_dress/9fda5f5128f84987a433beda7be3b992.webp','The Daily Standard WW Dress','2026-03-27 14:34:26',11),(13,'FORMAL_COLLECTION','2026-03-27 14:35:24','Delicate tonal embroidery on a fluid base. Femininity without frills — detail at its most disciplined.','FEMALE','/assets/images/products/female/formal_collection/alterre/the_luna_embroidered_ww_top/c018576ba9a24435aa31b4ec5470f90b.webp','The Luna Embroidered WW Top','2026-03-27 14:35:24',11),(14,'OUTERWEAR_JACKETS','2026-03-27 14:37:42','A travel-ready structured blazer that moves flawlessly between meetings and departures. Crease-resistant, carriage-perfect.','FEMALE','/assets/images/products/female/outerwear_jackets/alterre/boardroom_to_boarding_ww_jacket/8a9da678f9334ccb93e2b09fe5429a55.webp','Boardroom To Boarding WW Jacket','2026-03-27 14:37:42',11),(15,'OUTERWEAR_JACKETS','2026-03-27 14:38:30','Softly luminous double-faced construction with a mother-of-pearl finish. Luxury you can feel before you see it.','FEMALE','/assets/images/products/female/outerwear_jackets/alterre/pearl_dawn_ww_jacket/371a966b7c9a49e4848fd6de967849d6.jpg','Pearl Dawn WW Jacket','2026-03-27 14:38:30',11),(16,'OUTERWEAR_JACKETS','2026-03-27 14:39:15','Pure cashmere in a relaxed shirt-jacket cut. Weightless warmth, immaculate hand-feel. A collector\'s piece.','FEMALE','/assets/images/products/female/outerwear_jackets/alterre/shirt_jacket_in_white_double_face_cashmere/64810ffe17574b3cb7f38493f16a6fba.webp','Shirt Jacket in white double face cashmere','2026-03-27 14:39:15',11),(17,'OUTERWEAR_JACKETS','2026-03-27 14:39:55','Fourth-generation lightweight cashmere blend — breathable for warm months without sacrificing the cashmere character.','FEMALE','/assets/images/products/female/outerwear_jackets/alterre/summer_cashmere_40_jacket/6ea0a9c09da44b6ba63d52d180b560d2.webp','Summer Cashmere 4.0 Jacket','2026-03-27 14:39:55',11),(18,'OUTERWEAR_JACKETS','2026-03-27 14:40:51','Utility meets couture. Deep, sculptural pockets integrated into a sleek single-button silhouette.','FEMALE','/assets/images/products/female/outerwear_jackets/alterre/the_pocketcraft_jacket/e854648355784a46b19f6ccbe8688c0c.webp','The Pocketcraft Jacket','2026-03-27 14:40:51',11),(19,'CASUAL_WEAR','2026-03-27 14:44:04','The perfect-weight essential tee. Supima cotton, structured neckline, a silhouette that holds its shape wash after wash.','FEMALE','/assets/images/products/female/casual_wear/velora/basic_form_tee/00abe02c75e042658719c1ffa32111e6.webp','Basic Form Tee','2026-03-27 14:44:04',12),(20,'CASUAL_WEAR','2026-03-27 14:45:02','Relaxed-fit luxury cotton dropped on the shoulder just so. Off-duty dressing at its most considered.','FEMALE','/assets/images/products/female/casual_wear/velora/classic_oversized_tee/80714b8a70864b598732ebdfa50be900.webp','Classic Oversized Tee','2026-03-28 13:20:06',12),(21,'CASUAL_WEAR','2026-03-27 14:45:44','Flame-print cropped top for the bold off-duty moment. Effortless contrast between art and ease.\n','FEMALE','/assets/images/products/female/casual_wear/velora/flame_muse_crop_top/38d7334fdc404feea943e6de7d7fa2d1.webp','Flame Muse Crop Top','2026-03-27 14:45:44',12),(22,'CASUAL_WEAR','2026-03-27 14:46:17','Fine-gauge rib in a long-sleeve fitted form. Second-skin texture, geometric structure, quiet impact.\n','FEMALE','/assets/images/products/female/casual_wear/velora/linear_rib_long_sleeve/05c0f751d4cb4446be33918b5e2e856e.webp','Linear Rib Long Sleeve','2026-03-27 14:46:17',12),(23,'CASUAL_WEAR','2026-03-27 14:46:43','Clean, cropped rib in premium stretch — minimal, body-conscious, endlessly versatile.','FEMALE','/assets/images/products/female/casual_wear/velora/rib_crop_top/3e46c637a01143acb8b582c3cc5e6f61.webp','Rib Crop Top','2026-03-27 14:46:43',12),(24,'SPORTS_ACTIVE','2026-03-27 14:47:28','One-piece crossback romper engineered for full range of motion. Luxury fabrication that performs as hard as it looks good.','FEMALE','/assets/images/products/female/sports_active/velora/aria_crossback_romper/2d84838bf3b14d39a47f20b073dbfef7.webp','Aria Crossback Romper','2026-03-27 14:47:28',12),(25,'SPORTS_ACTIVE','2026-03-27 14:48:04','Moisture-wicking performance tank with a sculpted racerback. Studio-to-street without changing a thing.','FEMALE','/assets/images/products/female/sports_active/velora/nova_performance_tank/d5693c26a5c949e490a656c2704eac84.webp','Nova Performance Tank','2026-03-27 14:48:04',12),(26,'SPORTS_ACTIVE','2026-03-27 14:48:39','Structured outer-layer tank with body-mapped ventilation. Built to move, styled to linger.','FEMALE','/assets/images/products/female/sports_active/velora/outer_performance_tank/e0e8f9be285e420494d9647c5dbf2b35.webp','Outer Performance Tank','2026-03-27 14:48:39',12),(27,'SPORTS_ACTIVE','2026-03-27 14:49:21','High-compression crop with four-way stretch. Supportive, sleek, and uncompromising in performance.','FEMALE','/assets/images/products/female/sports_active/velora/phantm_compression_crop_top/689df6bdef684e858561c2a7e8b7a761.webp','PHANTØM Compression Crop Top','2026-03-27 14:49:21',12),(28,'SPORTS_ACTIVE','2026-03-27 14:49:53','Low-profile crop top engineered for speed. Flat-seam construction, anti-chafe finish, premium elongated cut.','FEMALE','/assets/images/products/female/sports_active/velora/velocity_crop/d0e5ee266cf143dca0f75324b9883544.webp','Velocity Crop','2026-03-27 14:49:53',12),(29,'PARTY_EVENING_WEAR','2026-03-27 14:57:06','A second-skin bodycon with precision-cut seaming. Engineered to flatter every curve — no shapewear required.','FEMALE','/assets/images/products/female/party_evening_wear/soiren/allure_bodycon_dress/901324b49c314ae4a01e50c775308840.webp','Allure Bodycon Dress','2026-03-27 14:57:06',13),(30,'PARTY_EVENING_WEAR','2026-03-27 14:57:44','Ballerina-inspired silhouette meets eveningwear gravitas. Deep round neckline, full skirt, effortless drama.','FEMALE','/assets/images/products/female/party_evening_wear/soiren/deep_round_neck_ballerina_style_dress/0e1cb2e08dbf4cdf8a1d2a9cb095495b.webp','Deep Round Neck Ballerina Style Dress','2026-03-27 14:57:44',13),(31,'PARTY_EVENING_WEAR','2026-03-27 14:58:29','Warm-weather elegance in breathable linen. The strap-and-flare silhouette — forever summery, forever chic.','FEMALE','/assets/images/products/female/party_evening_wear/soiren/linen_flared_strap_dress/909397dacfc14a3cbee7a9fb869d69a8.webp','Linen Flared Strap Dress','2026-03-27 14:58:29',13),(32,'PARTY_EVENING_WEAR','2026-03-27 14:59:22','Subtle side detailing transforms a clean column dress into a conversation piece. Intrigue without interruption.\n','FEMALE','/assets/images/products/female/party_evening_wear/soiren/side_detailed_dress/e8df5b54bb184c2f994bbb63617be0ee.webp','Side Detailed Dress','2026-03-27 14:59:22',13),(33,'PARTY_EVENING_WEAR','2026-03-27 14:59:54','Classic sleeveless bodycon with elevated fabrication. Minimal, confident, ready for any room it walks into.','FEMALE','/assets/images/products/female/party_evening_wear/soiren/sleeveless_bodycon_dress/52ca1d8c3d37479da56a8825b01c6353.webp','Sleeveless Bodycon Dress','2026-03-27 14:59:54',13),(34,'PARTY_EVENING_WEAR','2026-03-27 15:00:23','Scuba-weight midi with clean structural finish. The dress that holds its shape as long as the night does.','FEMALE','/assets/images/products/female/party_evening_wear/soiren/sleeveless_scuba_bodycon_midi_dress/6b2d7468e202429eb12b298e62415e7b.webp','Sleeveless Scuba Bodycon Midi Dress','2026-03-27 15:00:23',13),(35,'CASUAL_WEAR','2026-03-28 08:10:45','A fresh white base brought to life with a delicate floral print. Lightweight, breathable, and effortlessly garden-party ready.','FEMALE','/assets/images/products/female/casual_wear/velora/floral_printed_tshirt/8b040a7c43454132b45d0baf2265e357.webp','Floral Printed T-Shirt','2026-03-28 08:10:45',12),(36,'CASUAL_WEAR','2026-03-28 08:16:22','Fine-rib stretch top with a playful name and a serious fit. Hugs the body in all the right places without trying too hard.','FEMALE','/assets/images/products/female/casual_wear/velora/just_ribb_it_ribbed_top/533228751df84e6db1809ac9c86d5736.webp','Just Ribb It Ribbed Top','2026-03-28 08:22:49',12),(37,'CASUAL_WEAR','2026-03-28 08:17:43','Deep navy in a relaxed long-sleeve cut. The kind of top that works as hard at midnight as it does at midday.','FEMALE','/assets/images/products/female/casual_wear/velora/long_sleeve_dark_tshirt/14d2ac34afc146b19ecc0212123284a5.webp','Long Sleeve Dark T-Shirt','2026-03-28 08:17:43',12),(38,'CASUAL_WEAR','2026-03-28 08:18:36','Soft-knit construction with a subtle luminous finish. Casual luxury that catches light as you move.','FEMALE','/assets/images/products/female/casual_wear/velora/lumi_knitted_top/a346093eb77849ccb0f4354e036629e6.webp','Lumi Knitted Top','2026-03-28 08:18:36',12),(39,'CASUAL_WEAR','2026-03-28 08:19:22','Earthy khaki green in an oversized-crop silhouette. Relaxed, grounded, and built for the off-duty wardrobe.','FEMALE','/assets/images/products/female/casual_wear/velora/oversized_crop_style_khaki_tshirt/42c443528cb346808d025f26dec5e27d.webp','Oversized Crop Style Khaki T-Shirt','2026-03-28 08:19:22',12),(40,'CASUAL_WEAR','2026-03-28 08:20:03','Classic navy in a generously cut drop-shoulder fit. The essential oversized tee, done with intention.','FEMALE','/assets/images/products/female/casual_wear/velora/oversized_navy_tshirt/e67afe30efd34f609db21d3f0495a73e.webp','Oversized Navy T-Shirt','2026-03-28 08:20:03',12),(41,'CASUAL_WEAR','2026-03-28 08:20:53','Sleek, body-skimming rib in a skinny silhouette. Minimal and precise — pairs with everything, flatters instantly.','FEMALE','/assets/images/products/female/casual_wear/velora/rib_skinny_top/4a9fa9804ac0411badecf4b403af09ac.webp','Rib Skinny Top','2026-03-28 08:20:53',12),(44,'SPORTS_ACTIVE','2026-03-28 08:59:34','Elongated midi-length tank with a clean A-line drop. Versatile enough for the gym, refined enough for the café after.','FEMALE','/assets/images/products/female/sports_active/velora/a1_midi_tank/92d4f17e779540788292ac89ea09d868.webp','A1 Midi Tank','2026-03-28 08:59:34',12),(46,'SPORTS_ACTIVE','2026-03-28 09:01:03','High-waist leggings with deep side pockets built into the Astroid fabrication. Function and sculpt in equal measure.','FEMALE','/assets/images/products/female/sports_active/velora/astroid_pocket_leggings/be9618f1d5b04d069ce533db0c1a9ce1.webp','Astroid Pocket Leggings','2026-03-28 09:01:03',12),(47,'SPORTS_ACTIVE','2026-03-28 09:01:47','All-in-one performance bodysuit engineered for core support and full range of motion. The foundation of every serious training session.','FEMALE','/assets/images/products/female/sports_active/velora/core_bodysuit/7b735a5d676644c3bd90106fd258ca58.webp','Core Bodysuit','2026-03-28 09:01:47',12),(49,'SPORTS_ACTIVE','2026-03-28 09:03:14','Softly structured crop top with a feminine edge. Moves from yoga to brunch without skipping a beat.','FEMALE','/assets/images/products/female/sports_active/velora/emilia_crop/e75f813dcda84960adf41bff0cbd4c8b.webp','Emilia Crop','2026-03-28 09:03:14',12),(50,'SPORTS_ACTIVE','2026-03-28 09:04:05','Seamless long-sleeve crop in a four-way stretch fabrication. Compressive, smooth, and ready for every rep.','FEMALE','/assets/images/products/female/sports_active/velora/force_seamless_long_sleeve_crop_top/086784ae240a4e9ca9687cb343ea4b83.webp','Force Seamless Long Sleeve Crop Top','2026-03-28 09:04:05',12),(52,'SPORTS_ACTIVE','2026-03-28 09:05:54','Contour-enhancing bodysuit with targeted compression panels. Sculpts and supports without sacrificing comfort.','FEMALE','/assets/images/products/female/sports_active/velora/sculpt_bodysuit/580dba23df394e0894eb9e67033694c1.webp','Sculpt Bodysuit','2026-03-28 09:05:54',12),(53,'SPORTS_ACTIVE','2026-03-28 09:08:05','Bold-hued performance tank with a loose, airy drape. Brings colour and confidence to any workout.','FEMALE','/assets/images/products/female/sports_active/velora/vivid_tank_top/d63f5e07092442369f542fcb80149f23.webp','Vivid Tank Top','2026-03-28 09:08:05',12),(54,'CASUAL_WEAR','2026-03-28 12:08:33','Clean-lined polo with contour-cut panelling for a tailored fit. Smart enough to mean business, relaxed enough to forget it.','MALE','/assets/images/products/male/casual_wear/velora/contour_trim_polo/b236c7ff8e6d420bb18cf232d64b1747.webp','Contour Trim Polo','2026-03-28 13:20:25',12),(55,'CASUAL_WEAR','2026-03-28 12:09:24','Richly textured knit polo with a subtle waffle weave. Resort-ready refinement that travels effortlessly.','MALE','/assets/images/products/male/casual_wear/velora/cortz_textured_knit_polo/040a39fca3d74e898eec5bc0bc44e428.webp','Cortéz Textured Knit Polo','2026-03-28 12:09:24',12),(56,'CASUAL_WEAR','2026-03-28 12:10:04','Micro-grid texture on a relaxed-fit tee. Elevated fabrication in a silhouette built for ease.','MALE','/assets/images/products/male/casual_wear/velora/gridform_relaxed_textured_tshirt/7717cfbdab8a478c8bda4a8aab98557e.webp','GridForm Relaxed Textured T-Shirt','2026-03-28 13:20:18',12),(57,'CASUAL_WEAR','2026-03-28 12:10:40','Waffle-weave resort shirt cut for warm evenings and unhurried days. Texture-forward, effortlessly coastal.','MALE','/assets/images/products/male/casual_wear/velora/riviera_waffle_resort_textured_shirt/a864cb68d6144e63b7b73deae13339b7.webp','Riviera Waffle Resort Textured Shirt','2026-03-28 12:10:40',12),(58,'CASUAL_WEAR','2026-03-28 12:11:16','Unstructured, oversized tee with a raw attitude. Premium weight cotton, made to be worn in, not out.','MALE','/assets/images/products/male/casual_wear/velora/unchained_tee/21b61860f54841ce9604f8be7228b035.webp','Unchained Tee','2026-03-28 12:11:26',12),(59,'CASUAL_WEAR','2026-03-28 12:12:04','Vertical rib runs the full length for a lengthening, streamlined effect. Subtle texture, strong silhouette.','MALE','/assets/images/products/male/casual_wear/velora/vertical_flow_rib_textured_tee/3d63a0234036400fbf9b11d4c5a16f87.webp','Vertical Flow Rib Textured Tee','2026-03-28 12:12:04',12),(60,'CASUAL_WEAR','2026-03-28 12:12:57','Graphic tee with quiet confidence — bold in concept, restrained in execution. The kind of statement that doesn\'t need to shout.','MALE','/assets/images/products/male/casual_wear/velora/silent_dominion_tee/34ccf3f608ca4e7babf9d8ebfe93df0d.webp','Silent Dominion Tee','2026-03-28 12:12:57',12),(61,'FORMAL_COLLECTION','2026-03-29 08:51:21','Slim-cut formal shirt in a crisp, smooth weave. Impeccable structure from collar to cuff — board-ready from the first wear.','MALE','/assets/images/products/male/formal_collection/alterre/formal_wear_shirt_slim_fit_2/e58d852ae3a94cb4b120cae25fd7c934.jpg','Formal Wear Shirt Slim Fit 2','2026-03-29 08:51:21',11),(62,'FORMAL_COLLECTION','2026-03-29 08:51:54','Long-sleeve slim fit in a refined formal fabric. Clean lines, precise tailoring, and a silhouette that means business.','MALE','/assets/images/products/male/formal_collection/alterre/formal_wear_slim_fit_ls_shirt/1ceb5512285349eb9a55bbafe0a2107e.jpg','Formal Wear Slim Fit LS Shirt','2026-03-29 08:51:54',11),(63,'FORMAL_COLLECTION','2026-03-29 08:52:27','A go-to office long-sleeve in a breathable, wrinkle-resistant cloth. Slim cut that stays sharp across the longest working days.','MALE','/assets/images/products/male/formal_collection/alterre/office_wear_slim_fit_ls_shirt/4f987365fb2840ada4b626601b42ddbc.jpg','Office Wear Slim Fit LS Shirt','2026-03-29 08:52:27',11),(64,'FORMAL_COLLECTION','2026-03-29 08:53:09','The second chapter of the office slim fit — a tonal variation for wardrobe depth. Same precision, different palette.','MALE','/assets/images/products/male/formal_collection/alterre/office_wear_slim_fit_ls_shirt_2/5703b78692fc447fbca51e1c950150a5.jpg','Office Wear Slim Fit LS Shirt 2','2026-03-29 08:53:09',11),(65,'PARTY_EVENING_WEAR','2026-03-29 09:07:49','Open-collar Cuban cut in a premium party-weight fabric. Relaxed authority — the shirt that owns the room without trying.','MALE','/assets/images/products/male/party_evening_wear/soiren/cuban_collar_party_wear_ls_shirt/0e257ea1832843c4bff32887d6c9da15.jpg','Cuban Collar Party Wear LS Shirt','2026-03-29 09:07:49',13),(66,'PARTY_EVENING_WEAR','2026-03-29 09:08:33','Long-sleeve half-placket in a richly finished cloth. A refined take on eveningwear that bridges smart and sensual.','MALE','/assets/images/products/male/party_evening_wear/soiren/party_wear_half_placket_ls_shirt/a38c47e76e7d4feea80d7cd26ee9499d.jpg','Party Wear Half Placket LS Shirt','2026-03-29 09:08:33',13),(67,'PARTY_EVENING_WEAR','2026-03-29 09:09:14','Short-sleeve half-placket for warmer nights and charged atmospheres. Less sleeve, same intention.','MALE','/assets/images/products/male/party_evening_wear/soiren/party_wear_half_placket_ss_shirt/f5901b5cb0cb455bbeeb5dea8e80aada.jpg','Party Wear Half Placket SS Shirt','2026-03-29 09:09:14',13),(68,'PARTY_EVENING_WEAR','2026-03-29 09:10:08','A full long-sleeve party shirt with clean lines and a considered drape. The evening\'s foundation, built to be noticed.','MALE','/assets/images/products/male/party_evening_wear/soiren/party_wear_ls_shirt/87e28686db86485daf221cf20082d193.jpg','Party Wear LS Shirt','2026-03-29 09:10:08',13),(69,'OUTERWEAR_JACKETS','2026-03-29 09:19:27','12.8-micron kid wool in a relaxed Burges silhouette. Exceptional softness at the finest gauge — outerwear as a collector\'s investment.','MALE','/assets/images/products/male/outerwear_jackets/alterre/beige_128_kid_wool_burges_jacket/84419b0a577e4c78afdaaa6956dbc574.jpg','Beige 12.8 Kid Wool Burges Jacket','2026-03-29 09:19:27',11),(70,'OUTERWEAR_JACKETS','2026-03-29 09:20:09','Fourth-generation cashmere zip-through in a deep navy. Streamlined, warm, and refined enough for any room it enters.','MALE','/assets/images/products/male/outerwear_jackets/alterre/navy_cashmere_40_zipped_jacket/6b5777408bc14f61a3aa027719850f86.jpg','Navy Cashmere 4.0 Zipped Jacket','2026-03-29 09:20:09',11),(71,'OUTERWEAR_JACKETS','2026-03-29 09:20:46','Performance outerwear with thermo-taped seams built to handle 20 knots of wind and whatever else the day throws at you.','MALE','/assets/images/products/male/outerwear_jackets/alterre/thermotaped_jacket_20_knots/d10106ba66d84f439f27cbd20ecf413c.jpg','Thermo-Taped Jacket 20 Knots','2026-03-29 09:20:46',11),(72,'OUTERWEAR_JACKETS','2026-03-29 09:21:18','The bomber reimagined in cashmere fleece. Relaxed enough for the weekend, refined enough to never look accidental.','MALE','/assets/images/products/male/outerwear_jackets/alterre/cashmere_fleece_james_bomber/39bcc6810f18425e9a20705d99a69590.jpg','Cashmere Fleece James Bomber','2026-03-29 09:21:18',11),(73,'SPORTS_ACTIVE','2026-03-29 10:54:45','Raw-edge cut-off tank engineered for maximum ventilation and unrestricted movement. Worn hard, styled easy.','MALE','/assets/images/products/male/sports_active/velora/a1_cut_off_tank/e5ba638403b2452497cb614e859d2367.webp','A1 Cut Off Tank','2026-03-29 10:54:45',12),(74,'SPORTS_ACTIVE','2026-03-29 10:55:26','High-cut quad shorts with a performance-stretch waistband. Built for serious training sessions, bold enough to wear beyond them.','MALE','/assets/images/products/male/sports_active/velora/a2_quad_shorts/9978d72e284742a8aba4eddb7393e7a5.webp','A2 Quad Shorts','2026-03-29 10:55:26',12),(75,'SPORTS_ACTIVE','2026-03-29 10:56:27','Lightweight flex tank in a four-way stretch fabrication. Moves with the body and never against it.','MALE','/assets/images/products/male/sports_active/velora/astroid_flex_tank/733d5bcd7e0a42239f5dfa5dea5c2376.webp','Astroid Flex Tank','2026-03-29 10:56:27',12),(76,'SPORTS_ACTIVE','2026-03-29 10:57:11','Open-back stringer vest with elevated drop-arm construction. Maximum exposure for maximum effort.\n','MALE','/assets/images/products/male/sports_active/velora/elevate_stringer/c1fa81c1364341009f010315e27e87b9.webp','Elevate Stringer','2026-03-29 10:57:11',12),(77,'SPORTS_ACTIVE','2026-03-29 10:57:51','Structured stringer with a reinforced neckline and body-mapped fit. The gym\'s workhorse, done with precision.','MALE','/assets/images/products/male/sports_active/velora/force_stringer/2c9d408320504f6c90713f2d2cee8e8c.webp','Force Stringer','2026-03-29 10:57:51',12),(78,'SPORTS_ACTIVE','2026-03-29 11:00:19','Oversized basketball tank with a breathable mesh-inspired weave. Court-ready energy, street-ready silhouette.','MALE','/assets/images/products/male/sports_active/velora/fusion_basketball_tank/42dfa8e2372641cca889bd6dac00a5f8.webp','Fusion Basketball Tank','2026-03-29 11:00:19',12),(79,'OUTERWEAR_JACKETS','2026-03-29 11:25:15','A cropped essential built for everyday motion. Lightweight, versatile, and effortlessly cool.','FEMALE','/assets/images/products/female/outerwear_jackets/alterre/365_zip_up_crop_jacket/6130b3d5ecc348818d8d229ff5b9d0d5.webp','365 Zip Up Crop Jacket','2026-03-29 11:26:08',11),(80,'OUTERWEAR_JACKETS','2026-03-29 11:26:46','Second-skin performance with a sleek, sculpted fit. Designed to move as you do.','FEMALE','/assets/images/products/female/outerwear_jackets/alterre/seamless_performance_jacket/d2d16f5dd09d4630816b101cfcb7d0ef.webp','Seamless Performance Jacket','2026-03-29 11:26:46',11),(81,'OUTERWEAR_JACKETS','2026-03-29 11:27:23','Dynamic paneling meets athletic precision. A bold layer for high-energy days.','FEMALE','/assets/images/products/female/outerwear_jackets/alterre/velocity_block_jacket/11ea6871d68b45b0bfb1351b80de2b4a.webp','Velocity Block Jacket','2026-03-29 11:27:23',11),(88,'OUTERWEAR_JACKETS','2026-03-29 13:37:37','A vintage-inspired trucker in structured denim with a relaxed edge. Timeless attitude with everyday versatility.','MALE','/assets/images/products/male/outerwear_jackets/alterre/90s_denim_trucker_jacket/758b2e963f074df5b58409152fe76786.jpg','90s Denim Trucker Jacket','2026-03-29 13:37:37',11),(89,'OUTERWEAR_JACKETS','2026-03-29 13:38:13','Classic trucker reimagined in a crisp white denim finish. Clean, bold, and effortlessly modern.','MALE','/assets/images/products/male/outerwear_jackets/alterre/90s_denim_trucker_jacket_white/f416560fe4a844eb86ce97fdfaa61cad.jpg','90s Denim Trucker Jacket White','2026-03-29 13:38:13',11),(90,'OUTERWEAR_JACKETS','2026-03-29 13:38:53','Lightweight layering with a refined mock neck silhouette. Breathable comfort with understated sophistication.','MALE','/assets/images/products/male/outerwear_jackets/alterre/linen_cotton_mock_neck_jacket/385473acbc904f23b21564d256760242.jpg','Linen Cotton Mock Neck Jacket','2026-03-29 13:38:53',11),(91,'OUTERWEAR_JACKETS','2026-03-29 13:39:27','A minimal zip-through jacket in a soft linen-cotton blend. Easy structure designed for warm-weather layering.\n','MALE','/assets/images/products/male/outerwear_jackets/alterre/linen_cotton_zip_jacket/31bd82d4fe6a47d7bf31aa8c5e3d20d8.jpg','Linen Cotton Zip Jacket','2026-03-29 13:39:27',11),(92,'OUTERWEAR_JACKETS','2026-03-29 13:40:14','Durable ripstop construction with a lightweight, weather-ready feel. Built for movement, designed for the city.','MALE','/assets/images/products/male/outerwear_jackets/alterre/ripstop_hooded_windbreaker_jacket/1025db46e39f4c96a101dd05216da7bc.jpg','Ripstop Hooded Windbreaker Jacket','2026-03-29 13:40:14',11),(93,'CASUAL_WEAR','2026-03-31 11:51:30','','FEMALE','/assets/images/products/female/casual_wear/velora/rue_high_neck_fitted_top/32cfba5ac92a43e5954917cb335dab77.webp','Rue High Neck Fitted Top','2026-03-31 11:51:30',12),(94,'PARTY_EVENING_WEAR','2026-04-02 07:26:00','A sweeping midi silhouette with considered volume and movement. The dress that makes an entrance before you do.','FEMALE','/assets/images/products/female/party_evening_wear/soiren/allondra_midi_dress/ab4d556e62ab40bea8a33bfc81735964.webp','Allondra Midi Dress','2026-04-02 07:27:24',13),(95,'PARTY_EVENING_WEAR','2026-04-02 07:27:07','Batik-inspired swirling print on a halter-neck base. Artisanal energy, eveningwear execution.','FEMALE','/assets/images/products/female/party_evening_wear/soiren/batik_whirl_halter_neck_dress/d07b2f7eb01149d5b6ff74ed96cb34d3.webp','Batik Whirl Halter Neck Dress','2026-04-02 07:27:35',13),(96,'PARTY_EVENING_WEAR','2026-04-02 07:28:24','A dress that improves every room it enters. Easy silhouette, elevated fabrication, maximum confidence.','FEMALE','/assets/images/products/female/party_evening_wear/soiren/better_than_yesterday_ww_dress/3c0df1a3d25a4e2b973bbc993900edf6.jpg','Better Than Yesterday WW Dress','2026-04-02 07:28:24',13),(97,'PARTY_EVENING_WEAR','2026-04-02 07:29:06','Front-tie detail cinches the waist with intention. Feminine, flattering, and effortlessly put-together.','FEMALE','/assets/images/products/female/party_evening_wear/soiren/nora_front_tie_dress/d5440afb82c745deb4b9b033cb4d7126.jpg','Nora Front Tie Dress','2026-04-02 07:29:06',13),(98,'PARTY_EVENING_WEAR','2026-04-02 07:29:54','Relaxed enough to feel like ease, refined enough to look like effort. The paradox dress that solves every occasion.','FEMALE','/assets/images/products/female/party_evening_wear/soiren/refined_relaxation_ww_dress/3fbcbf21a72a469b87ff43ed8720fe5c.webp','Refined Relaxation WW Dress','2026-04-02 07:29:54',13),(99,'PARTY_EVENING_WEAR','2026-04-02 07:30:59','Dreamy resort-wear silhouette in a lightweight cloth. Designed for long evenings, warm breezes, and lingering dinners.','FEMALE','/assets/images/products/female/party_evening_wear/soiren/resort_reverie_dress/b40beca7c94c4144873e0bb84031bad3.jpg','Resort Reverie Dress','2026-04-02 07:30:59',13),(100,'PARTY_EVENING_WEAR','2026-04-02 07:44:13','Sun-washed linen in a relaxed evening silhouette. Effortless texture, golden-hour energy, all-night comfort.','FEMALE','/assets/images/products/female/party_evening_wear/soiren/sunspell_linen_dress/9b73f46c91b14904b6c4510eeb8df41f.webp','Sunspell Linen Dress','2026-04-02 07:44:13',13),(101,'PARTY_EVENING_WEAR','2026-04-02 07:44:54','A flirty short dress with a front-tie waist and playful proportions. Evening-ready with just the right amount of attitude.','FEMALE','/assets/images/products/female/party_evening_wear/soiren/tie_front_short_dress/9f12150f122b4043a74636ec8fb9ce12.webp','Tie Front Short Dress','2026-04-02 07:44:54',13),(102,'FORMAL_COLLECTION','2026-04-02 07:50:15','A sleeveless blouse tank that bridges formal and fluid. Clean neckline, structured bodice, effortless tuck-in potential.','FEMALE','/assets/images/products/female/formal_collection/alterre/andriana_blouse_tank/1aac71aa253d49a094f738ae58a9bc58.webp','Andriana Blouse Tank','2026-04-02 07:50:15',11),(103,'FORMAL_COLLECTION','2026-04-02 07:51:04','Crisp, refined blouse in a considered formal cut. The kind of piece that makes every work outfit feel deliberate.','FEMALE','/assets/images/products/female/formal_collection/alterre/andriana_womens_blouse__formal_wear/ead1d4b454a54e208b274441e4694d6b.webp','Andriana Women\'s Blouse — Formal Wear','2026-04-02 07:51:04',11),(104,'FORMAL_COLLECTION','2026-04-02 07:51:55','Classic stripe in a polished formal silhouette. Timeless structure with a modern ease — authority without effort.','FEMALE','/assets/images/products/female/formal_collection/alterre/andriana_womens_stripe_dress__formal_wear/25a1a565ffa94b03be60a1bcbdc4c6b2.webp','Andriana Women\'s Stripe Dress — Formal Wear','2026-04-02 07:51:55',11),(105,'FORMAL_COLLECTION','2026-04-02 07:52:45','Voluminous balloon sleeves on a precise button-down base. Dramatic detail, grounded execution.','FEMALE','/assets/images/products/female/formal_collection/alterre/balloon_sleeve_button_down_top/6fe4cb94ed9e42c6833519638cb70d30.webp','Balloon Sleeve Button Down Top','2026-04-02 07:52:45',11),(106,'FORMAL_COLLECTION','2026-04-02 07:53:55','A shirt-collar dress with clean tailored lines. Structured enough for the office, light enough for the evening after.','FEMALE','/assets/images/products/female/formal_collection/alterre/classic_shirt_collar_ww_dress/642c618b669b4ab68f7faf8e25c5dba0.webp','Classic Shirt Collar WW Dress','2026-04-02 07:53:55',11),(107,'FORMAL_COLLECTION','2026-04-02 07:56:29','Fluid WW top with a floral-inspired finish. Softness in structure — the formal wardrobe\'s breath of fresh air.','FEMALE','/assets/images/products/female/formal_collection/alterre/florasan_ww_top/d47948ea11e34928b86178ec57ee11cb.webp','Florasan WW Top','2026-04-02 07:56:29',11),(108,'FORMAL_COLLECTION','2026-04-02 07:57:13','Relaxed loose-fit top with a front tie detail. Polished informality — looks considered without trying.','FEMALE','/assets/images/products/female/formal_collection/alterre/front_tie_up_loose_fit_top/f71534b6462b4fc285e967bc61b288a8.webp','Front Tie Up Loose Fit Top','2026-04-02 07:57:13',11),(109,'FORMAL_COLLECTION','2026-04-02 07:57:47','A clean long-sleeve button-down in a premium shirting cloth. The foundation piece every formal wardrobe is built around.','FEMALE','/assets/images/products/female/formal_collection/alterre/long_sleeved_button_down_shirt/80a557d35bba4983b6d236b6d69d5826.webp','Long Sleeved Button Down Shirt','2026-04-02 07:57:47',11),(110,'OUTERWEAR_JACKETS','2026-04-02 08:03:06','A blazer with a botanical spirit — structured silhouette softened by a delicate floral-inspired surface. Office-ready, gallery-worthy.','FEMALE','/assets/images/products/female/outerwear_jackets/alterre/florasion_ww_blazer/fb7ecf33d76b43759ac0bfbb62468393.webp','Florasion WW Blazer','2026-04-02 08:03:06',11),(111,'OUTERWEAR_JACKETS','2026-04-02 08:06:29','Sharp double-button blazer in a premium suiting cloth. The one piece that makes everything else in the wardrobe work harder.','FEMALE','/assets/images/products/female/outerwear_jackets/alterre/polished_professional_ww_blazer/f920384f861347cbbbf2d7e96da3944c.webp','Polished Professional WW Blazer','2026-04-02 08:06:29',11),(112,'OUTERWEAR_JACKETS','2026-04-02 08:07:23','An oversized statement overcoat with relaxed shoulders and clean lines. Power dressing in its most effortless form.','FEMALE','/assets/images/products/female/outerwear_jackets/alterre/relax_statement_ww_overcoat/0b385faaa6344a9da6dc0de9c496ec2b.webp','Relax Statement WW Overcoat','2026-04-02 08:07:23',11),(113,'OUTERWEAR_JACKETS','2026-04-02 08:14:19','Sleeveless denim jacket coat in a single-breasted cut. Casual backbone, structured spirit — the denim piece that earns its keep.','FEMALE','/assets/images/products/female/outerwear_jackets/alterre/single_breasted_sleeveless_denim_jacket_coat/e7edbbfd172b40c3a162cccbc4dd64a0.webp','Single Breasted Sleeveless Denim Jacket Coat','2026-04-02 08:14:19',11),(114,'SPORTS_ACTIVE','2026-04-02 08:17:11','High-impact support in a streamlined silhouette. Engineered for serious sessions — holds its','FEMALE','/assets/images/products/female/sports_active/velora/alpha_high_support_sports_bra/7f857a232edb42e19b1296c5f3b68e3f.webp','Alpha High Support Sports Bra','2026-04-02 08:17:11',12),(115,'SPORTS_ACTIVE','2026-04-02 08:17:44','Light-support seamless bra in a classic racerback. The everyday essential that disappears under anything and performs in everything.\n','FEMALE','/assets/images/products/female/sports_active/velora/everyday_seamless_racerback_sports_bra/c93cfc0f630944809d26196b1740d881.webp','Everyday Seamless Racerback Sports Bra','2026-04-02 08:17:44',12),(116,'SPORTS_ACTIVE','2026-04-02 08:19:22','Mesh-panelled crop top with a sculpted fit and serious ventilation. Training-grade breathability, style-grade finish.','FEMALE','/assets/images/products/female/sports_active/velora/kira_mesh_crop/fbd38d41057a41cf8dd47e7be96d5c00.webp','Kira Mesh Crop','2026-04-02 08:19:22',12),(117,'SPORTS_ACTIVE','2026-04-02 08:20:01','Stripped-back sports bra with clean lines and light-support construction. No excess, no compromise — just the essentials, perfected.','FEMALE','/assets/images/products/female/sports_active/velora/minimal_sports_bra/13cf298a04014e168e4ab79b6342f4fc.webp','Minimal Sports Bra','2026-04-02 08:20:01',12),(118,'SPORTS_ACTIVE','2026-04-02 08:20:41','Peek-a-boo back detailing on a supportive bra base. Playful engineering — turns every workout into a style moment.','FEMALE','/assets/images/products/female/sports_active/velora/peek_a_boo_sports_bra/64d0b7f5981846fd9dfb0613505656f4.webp','Peek A Boo Sports Bra','2026-04-02 08:20:41',12),(119,'SPORTS_ACTIVE','2026-04-02 08:21:15','Racer-back midi tank built for long training sessions. Coverage where you need it, ventilation where you want it.','FEMALE','/assets/images/products/female/sports_active/velora/training_racer_midi_tank/b114046c1d8e49058ad31df41b50d9b1.webp','Training Racer Midi Tank','2026-04-02 08:21:15',12),(120,'CASUAL_WEAR','2026-04-02 08:25:44','Long-sleeve fitted top in a premium stretch fabric. Clean, body-conscious, endlessly layerable.','FEMALE','/assets/images/products/female/casual_wear/velora/lora_long_sleeved_fitted_top/5a96dfadf51045ffa0e11f03a89ad34b.webp','Lora Long Sleeved Fitted Top','2026-04-02 08:25:44',12),(121,'CASUAL_WEAR','2026-04-02 08:26:39','Delicate collar detailing on a short-sleeve fitted base. Feminine precision — the top that elevates even the simplest outfit.','FEMALE','/assets/images/products/female/casual_wear/velora/chole_collar_detailed_short_sleeved_fitted_top/46a33c223c754cf6ac448c4f6b4d42f9.webp','Chole Collar Detailed Short Sleeved Fitted Top','2026-04-02 08:26:39',12),(122,'CASUAL_WEAR','2026-04-02 08:27:27','High-neck, sleeveless, and body-fitted — a clean silhouette that does all the heavy lifting. The off-duty essential that works overtime.','FEMALE','/assets/images/products/female/casual_wear/velora/beck_high_neck_sleeveless_fitted_top/5fb5989c216a4c43afcc8fbb62dbd46a.webp','Beck High Neck Sleeveless Fitted Top','2026-04-02 08:27:27',12),(123,'CASUAL_WEAR','2026-04-02 08:28:14','Corset-inspired structure with a modern bustier finish. Flatters, defines, and makes a point without raising its voice.','FEMALE','/assets/images/products/female/casual_wear/velora/bustier_detailed_corset_top/32ef36f05e1f4cd7bbac54d7f8e4d416.webp','Bustier Detailed Corset Top','2026-04-02 08:28:14',12);
/*!40000 ALTER TABLE `products` ENABLE KEYS */;
UNLOCK TABLES;

--
-- Table structure for table `reviews`
--

DROP TABLE IF EXISTS `reviews`;
/*!40101 SET @saved_cs_client     = @@character_set_client */;
/*!50503 SET character_set_client = utf8mb4 */;
CREATE TABLE `reviews` (
  `id` bigint NOT NULL AUTO_INCREMENT,
  `created_at` datetime(6) NOT NULL,
  `rating` int NOT NULL,
  `review_text` text,
  `updated_at` datetime(6) DEFAULT NULL,
  `customer_id` bigint NOT NULL,
  `order_id` bigint NOT NULL,
  `order_item_id` bigint NOT NULL,
  `product_id` bigint NOT NULL,
  PRIMARY KEY (`id`),
  KEY `FK4sm0k8kw740iyuex3vwwv1etu` (`customer_id`),
  KEY `FKqwgq1lxgahsxdspnwqfac6sv6` (`order_id`),
  KEY `FK2x2x74lnliqmt91bc1w95ll8n` (`order_item_id`),
  KEY `FKpl51cejpw4gy5swfar8br9ngi` (`product_id`),
  CONSTRAINT `FK2x2x74lnliqmt91bc1w95ll8n` FOREIGN KEY (`order_item_id`) REFERENCES `order_items` (`id`),
  CONSTRAINT `FK4sm0k8kw740iyuex3vwwv1etu` FOREIGN KEY (`customer_id`) REFERENCES `customers` (`id`),
  CONSTRAINT `FKpl51cejpw4gy5swfar8br9ngi` FOREIGN KEY (`product_id`) REFERENCES `products` (`id`),
  CONSTRAINT `FKqwgq1lxgahsxdspnwqfac6sv6` FOREIGN KEY (`order_id`) REFERENCES `orders` (`id`)
) ENGINE=InnoDB AUTO_INCREMENT=3 DEFAULT CHARSET=utf8mb4 COLLATE=utf8mb4_0900_ai_ci;
/*!40101 SET character_set_client = @saved_cs_client */;

--
-- Dumping data for table `reviews`
--

LOCK TABLES `reviews` WRITE;
/*!40000 ALTER TABLE `reviews` DISABLE KEYS */;
INSERT INTO `reviews` VALUES (1,'2026-04-02 11:41:22.032418',5,'material is very comfy',NULL,5,5,8,93),(2,'2026-04-02 14:31:02.191925',4,'Nice design',NULL,6,6,13,93);
/*!40000 ALTER TABLE `reviews` ENABLE KEYS */;
UNLOCK TABLES;

--
-- Table structure for table `seller_login`
--

DROP TABLE IF EXISTS `seller_login`;
/*!40101 SET @saved_cs_client     = @@character_set_client */;
/*!50503 SET character_set_client = utf8mb4 */;
CREATE TABLE `seller_login` (
  `id` bigint NOT NULL AUTO_INCREMENT,
  `password` varchar(255) NOT NULL,
  `username` varchar(255) NOT NULL,
  `seller_id` bigint NOT NULL,
  PRIMARY KEY (`id`),
  UNIQUE KEY `UKhven8pb1tj7nsph6x0roym8hc` (`username`),
  UNIQUE KEY `UK5vdh8fue46b2n38n7x2pk37oh` (`seller_id`),
  CONSTRAINT `FK2hwwpyoxtjabvu2r5cyal8xvt` FOREIGN KEY (`seller_id`) REFERENCES `sellers` (`id`)
) ENGINE=InnoDB AUTO_INCREMENT=14 DEFAULT CHARSET=utf8mb4 COLLATE=utf8mb4_0900_ai_ci;
/*!40101 SET character_set_client = @saved_cs_client */;

--
-- Dumping data for table `seller_login`
--

LOCK TABLES `seller_login` WRITE;
/*!40000 ALTER TABLE `seller_login` DISABLE KEYS */;
INSERT INTO `seller_login` VALUES (9,'$2a$10$RWLXFuVElutaPMsGgaqWaewVg76xfr665CYScQkIc2uduTaIXWAzm','supplier',9),(10,'$2a$10$oF.5jEW9QzEShB915p.0z.EjsXHYcYzK.IWnj23gvaT8V6g4nQSgu','supplier2',10),(11,'$2a$10$xVepGrM3mkw.apCvMCcHtuM7YmlLDykGduh1w2zTerkcJfmEVKm7S','Alterre',11),(12,'$2a$10$mu2XGANd2nRhyZBpmn.o4e7ckack0yPjRdWCxrS5rOTPIDTTHxgNy','Velora',12),(13,'$2a$10$pXQuaDR.kOY.Y4gBEbwoiusiBRdT6sdBlJ8UwkFz170vy1PSpYuNO','Soiren',13);
/*!40000 ALTER TABLE `seller_login` ENABLE KEYS */;
UNLOCK TABLES;

--
-- Table structure for table `sellers`
--

DROP TABLE IF EXISTS `sellers`;
/*!40101 SET @saved_cs_client     = @@character_set_client */;
/*!50503 SET character_set_client = utf8mb4 */;
CREATE TABLE `sellers` (
  `id` bigint NOT NULL AUTO_INCREMENT,
  `address` varchar(255) DEFAULT NULL,
  `email` varchar(255) DEFAULT NULL,
  `phone_number` varchar(255) DEFAULT NULL,
  `status` varchar(255) NOT NULL,
  `store_name` varchar(255) DEFAULT NULL,
  PRIMARY KEY (`id`)
) ENGINE=InnoDB AUTO_INCREMENT=14 DEFAULT CHARSET=utf8mb4 COLLATE=utf8mb4_0900_ai_ci;
/*!40101 SET character_set_client = @saved_cs_client */;

--
-- Dumping data for table `sellers`
--

LOCK TABLES `sellers` WRITE;
/*!40000 ALTER TABLE `sellers` DISABLE KEYS */;
INSERT INTO `sellers` VALUES (9,'426/1c, Dutugamunu road, Thalangama north, Battaramulla,colombo,10120','supplier@anywear.com','0770171506','ACTIVE','sample'),(10,'426/1c, Dutugamunu road, Thalangama north, Battaramulla,colombo,10120','supplier2@anywear.com','0770171506','DEACTIVATED','store2'),(11,'426/1c, Dutugamunu road, Thalangama north, Battaramulla,colombo,10120','Alterre@mail.com','1234567890','ACTIVE','Alterre'),(12,'426/1c, Dutugamunu road, Thalangama north, Battaramulla,colombo,10120','Velora@mail.com','1234567890','ACTIVE','Velora'),(13,'426/1c, Dutugamunu road, Thalangama north, Battaramulla,colombo,10120','Soiren@mail.com','0770171506','ACTIVE','Soiren');
/*!40000 ALTER TABLE `sellers` ENABLE KEYS */;
UNLOCK TABLES;
SET @@SESSION.SQL_LOG_BIN = @MYSQLDUMP_TEMP_LOG_BIN;
/*!40103 SET TIME_ZONE=@OLD_TIME_ZONE */;

/*!40101 SET SQL_MODE=@OLD_SQL_MODE */;
/*!40014 SET FOREIGN_KEY_CHECKS=@OLD_FOREIGN_KEY_CHECKS */;
/*!40014 SET UNIQUE_CHECKS=@OLD_UNIQUE_CHECKS */;
/*!40101 SET CHARACTER_SET_CLIENT=@OLD_CHARACTER_SET_CLIENT */;
/*!40101 SET CHARACTER_SET_RESULTS=@OLD_CHARACTER_SET_RESULTS */;
/*!40101 SET COLLATION_CONNECTION=@OLD_COLLATION_CONNECTION */;
/*!40111 SET SQL_NOTES=@OLD_SQL_NOTES */;

-- Dump completed on 2026-04-04 15:55:53
